symbol,entry_date,exit_date,strategy,signal,strike,expiry,entry_price,exit_price,contracts,pnl,pnl_pct,gross_pnl,fees,net_pnl,max_profit,max_drawdown,days_held,exit_reason,rank_score,option_score,pop,liquidity,atm_score
AAPL,2026-01-21,2026-01-26,LONG_PUT,PUT,248.35,OPTION_PROXY,19.868,20.6616,2,-161.5200000000003,-0.04064827863901759,-158.72000000000028,2.8000000000000003,-161.5200000000003,4.959999999999809,-158.72000000000028,5,STOP_LOSS,65.0,65.0,0.0,0.0,100.0
MSFT,2026-01-21,2026-01-22,LONG_PUT,PUT,451.14,OPTION_PROXY,36.0912,37.276,1,-119.88000000000028,-0.03321585317196443,-118.48000000000027,1.4000000000000001,-119.88000000000028,0.0,-118.48000000000027,1,STOP_LOSS,65.0,65.0,0.0,0.0,100.0
AMZN,2026-01-21,2026-01-26,LONG_CALL,CALL,234.34,OPTION_PROXY,18.7472,19.5744,2,162.64000000000024,0.04337714432021855,165.44000000000025,2.8000000000000003,162.64000000000024,165.44000000000025,0.0,5,TAKE_PROFIT,65.0,65.0,0.0,0.0,100.0
AAPL,2026-01-22,2026-01-26,LONG_PUT,PUT,248.04,OPTION_PROXY,19.8432,20.6616,2,-166.4800000000001,-0.041948879213030185,-163.6800000000001,2.8000000000000003,-166.4800000000001,0.0,-163.6800000000001,4,STOP_LOSS,65.0,65.0,0.0,0.0,100.0
AMZN,2026-01-22,2026-02-04,LONG_CALL,CALL,239.16,OPTION_PROXY,19.1328,17.8152,2,-266.31999999999977,-0.06959775882254551,-263.51999999999975,2.8000000000000003,-266.31999999999977,88.32000000000022,-263.51999999999975,13,STOP_LOSS,65.0,65.0,0.0,0.0,100.0
AAPL,2026-01-25,2026-02-01,LONG_PUT,PUT,255.41,OPTION_PROXY,20.4328,21.6008,2,-236.39999999999986,-0.05784816569437372,-233.59999999999985,2.8000000000000003,-236.39999999999986,0.0,-233.59999999999985,7,STOP_LOSS,65.0,65.0,0.0,0.0,100.0
AMZN,2026-01-25,2026-02-04,LONG_CALL,CALL,238.42,OPTION_PROXY,19.0736,17.8152,2,-254.47999999999965,-0.06671000754970212,-251.67999999999964,2.8000000000000003,-254.47999999999965,100.16000000000034,-251.67999999999964,10,STOP_LOSS,65.0,65.0,0.0,0.0,100.0
AAPL,2026-01-26,2026-02-01,LONG_PUT,PUT,258.27,OPTION_PROXY,20.6616,21.6008,2,-190.63999999999993,-0.04613389088937932,-187.83999999999992,2.8000000000000003,-190.63999999999993,29.279999999999973,-187.83999999999992,6,STOP_LOSS,65.0,65.0,0.0,0.0,100.0
AAPL,2026-01-27,2026-02-01,LONG_PUT,PUT,256.44,OPTION_PROXY,20.5152,21.6008,2,-219.9199999999999,-0.053599282483231925,-217.1199999999999,2.8000000000000003,-219.9199999999999,0.0,-217.1199999999999,5,STOP_LOSS,65.0,65.0,0.0,0.0,100.0
MSFT,2026-01-28,2026-02-02,LONG_PUT,PUT,433.5,OPTION_PROXY,34.68,32.8968,1,176.92000000000007,0.05101499423298733,178.32000000000008,1.4000000000000001,176.92000000000007,178.32000000000008,0.0,5,TAKE_PROFIT,65.0,65.0,0.0,0.0,100.0
MSFT,2026-01-29,2026-02-02,LONG_PUT,PUT,430.29,OPTION_PROXY,34.4232,32.8968,1,151.24000000000024,0.043935485370331706,152.64000000000024,1.4000000000000001,151.24000000000024,152.64000000000024,0.0,4,TAKE_PROFIT,65.0,65.0,0.0,0.0,100.0
MSFT,2026-02-01,2026-02-04,LONG_PUT,PUT,423.37,OPTION_PROXY,33.8696,31.4936,1,236.19999999999976,0.06973805418428318,237.59999999999977,1.4000000000000001,236.19999999999976,237.59999999999977,0.0,3,TAKE_PROFIT,65.0,65.0,0.0,0.0,100.0
AMZN,2026-02-01,2026-02-03,LONG_CALL,CALL,242.96,OPTION_PROXY,19.4368,18.639200000000002,2,-162.31999999999985,-0.04175584458347049,-159.51999999999984,2.8000000000000003,-162.31999999999985,0.0,-159.51999999999984,2,STOP_LOSS,60.0,60.0,0.0,0.0,100.0
MSFT,2026-02-02,2026-02-04,LONG_PUT,PUT,411.21,OPTION_PROXY,32.8968,31.4936,1,138.91999999999982,0.04222903139515084,140.31999999999982,1.4000000000000001,138.91999999999982,140.31999999999982,-23.83999999999986,2,TAKE_PROFIT,65.0,65.0,0.0,0.0,100.0
AMZN,2026-02-02,2026-02-04,LONG_CALL,CALL,238.62,OPTION_PROXY,19.0896,17.8152,2,-257.68,-0.06749224708741933,-254.88,2.8000000000000003,-257.68,0.0,-254.88,2,STOP_LOSS,60.0,60.0,0.0,0.0,100.0
MSFT,2026-02-03,2026-02-04,LONG_PUT,PUT,414.19,OPTION_PROXY,33.1352,31.4936,1,162.75999999999968,0.04911996909630837,164.15999999999968,1.4000000000000001,162.75999999999968,164.15999999999968,0.0,1,TAKE_PROFIT,65.0,65.0,0.0,0.0,100.0
MSFT,2026-02-04,2026-02-08,LONG_PUT,PUT,393.67,OPTION_PROXY,31.4936,33.088,1,-160.84000000000003,-0.05107069372824956,-159.44000000000003,1.4000000000000001,-160.84000000000003,0.0,-159.44000000000003,4,STOP_LOSS,65.0,65.0,0.0,0.0,100.0
MSFT,2026-02-05,2026-02-08,LONG_PUT,PUT,401.14,OPTION_PROXY,32.0912,33.088,1,-101.08000000000004,-0.03149773146532384,-99.68000000000004,1.4000000000000001,-101.08000000000004,0.0,-99.68000000000004,3,STOP_LOSS,65.0,65.0,0.0,0.0,100.0
MSFT,2026-02-08,2026-02-16,LONG_PUT,PUT,413.6,OPTION_PROXY,33.088,31.748800000000003,1,132.5199999999998,0.040050773694390654,133.91999999999982,1.4000000000000001,132.5199999999998,133.91999999999982,0.0,8,TAKE_PROFIT,65.0,65.0,0.0,0.0,100.0
AAPL,2026-02-09,2026-02-11,LONG_CALL,CALL,273.68,OPTION_PROXY,21.8944,20.9384,2,-193.99999999999991,-0.044303566208710884,-191.1999999999999,2.8000000000000003,-193.99999999999991,29.119999999999635,-191.1999999999999,2,STOP_LOSS,70.0,70.0,0.0,0.0,100.0
MSFT,2026-02-09,2026-02-16,LONG_PUT,PUT,413.27,OPTION_PROXY,33.0616,31.748800000000003,1,129.87999999999957,0.03928424516659798,131.27999999999957,1.4000000000000001,129.87999999999957,131.27999999999957,0.0,7,TAKE_PROFIT,65.0,65.0,0.0,0.0,100.0
AAPL,2026-02-10,2026-02-11,LONG_CALL,CALL,275.5,OPTION_PROXY,22.04,20.9384,2,-223.11999999999955,-0.05061705989110698,-220.31999999999954,2.8000000000000003,-223.11999999999955,0.0,-220.31999999999954,1,STOP_LOSS,70.0,70.0,0.0,0.0,100.0
MSFT,2026-02-10,2026-02-22,LONG_PUT,PUT,404.37,OPTION_PROXY,32.3496,30.757600000000004,1,157.79999999999987,0.04877958305512274,159.19999999999987,1.4000000000000001,157.79999999999987,159.19999999999987,0.0,12,TAKE_PROFIT,65.0,65.0,0.0,0.0,100.0
MSFT,2026-02-11,2026-02-22,LONG_PUT,PUT,401.84,OPTION_PROXY,32.1472,30.757600000000004,1,137.55999999999943,0.042790662950427855,138.95999999999944,1.4000000000000001,137.55999999999943,138.95999999999944,0.0,11,TAKE_PROFIT,65.0,65.0,0.0,0.0,100.0
MSFT,2026-02-12,2026-02-22,LONG_PUT,PUT,401.32,OPTION_PROXY,32.1056,30.757600000000004,1,133.3999999999999,0.04155038373367882,134.7999999999999,1.4000000000000001,133.3999999999999,134.7999999999999,0.0,10,TAKE_PROFIT,65.0,65.0,0.0,0.0,100.0
AMZN,2026-02-12,2026-02-17,LONG_PUT,PUT,198.79,OPTION_PROXY,15.9032,16.3832,3,-148.1999999999996,-0.031062930730921992,-143.9999999999996,4.2,-148.1999999999996,0.0,-143.9999999999996,5,STOP_LOSS,65.0,65.0,0.0,0.0,100.0
MSFT,2026-02-16,2026-02-22,LONG_PUT,PUT,396.86,OPTION_PROXY,31.748800000000003,30.757600000000004,1,97.71999999999991,0.030779116061079446,99.11999999999992,1.4000000000000001,97.71999999999991,99.11999999999992,-21.920000000000073,6,TAKE_PROFIT,65.0,65.0,0.0,0.0,100.0
AMZN,2026-02-16,2026-02-19,LONG_PUT,PUT,201.15,OPTION_PROXY,16.092000000000002,16.8088,3,-219.23999999999975,-0.045413870246084946,-215.03999999999976,4.2,-219.23999999999975,0.0,-215.03999999999976,3,STOP_LOSS,65.0,65.0,0.0,0.0,100.0
MSFT,2026-02-17,2026-02-22,LONG_PUT,PUT,399.6,OPTION_PROXY,31.968000000000004,30.757600000000004,1,119.63999999999999,0.03742492492492492,121.03999999999999,1.4000000000000001,119.63999999999999,121.03999999999999,0.0,5,TAKE_PROFIT,65.0,65.0,0.0,0.0,100.0
AMZN,2026-02-17,2026-03-03,LONG_PUT,PUT,204.79,OPTION_PROXY,16.3832,17.3456,3,-292.9200000000007,-0.05959763660334993,-288.7200000000007,4.2,-292.9200000000007,0.0,-288.7200000000007,14,STOP_LOSS,65.0,65.0,0.0,0.0,100.0
MSFT,2026-02-18,2026-02-22,LONG_PUT,PUT,398.46,OPTION_PROXY,31.8768,30.757600000000004,1,110.51999999999957,0.03467098328564962,111.91999999999958,1.4000000000000001,110.51999999999957,111.91999999999958,0.0,4,TAKE_PROFIT,65.0,65.0,0.0,0.0,100.0
AMZN,2026-02-18,2026-03-03,LONG_PUT,PUT,204.86,OPTION_PROXY,16.3888,17.3456,3,-291.24000000000035,-0.05923557551498592,-287.04000000000036,4.2,-291.24000000000035,0.0,-287.04000000000036,13,STOP_LOSS,65.0,65.0,0.0,0.0,100.0
MSFT,2026-02-19,2026-02-22,LONG_PUT,PUT,397.23,OPTION_PROXY,31.7784,30.757600000000004,1,100.67999999999977,0.03168189713767835,102.07999999999977,1.4000000000000001,100.67999999999977,102.07999999999977,0.0,3,TAKE_PROFIT,65.0,65.0,0.0,0.0,100.0
MSFT,2026-02-22,2026-02-24,LONG_PUT,PUT,384.47,OPTION_PROXY,30.757600000000004,32.048,1,-130.43999999999983,-0.042409030613571874,-129.03999999999982,1.4000000000000001,-130.43999999999983,0.0,-129.03999999999982,2,STOP_LOSS,65.0,65.0,0.0,0.0,100.0
MSFT,2026-02-23,2026-02-25,LONG_PUT,PUT,389.0,OPTION_PROXY,31.12,32.137600000000006,1,-103.16000000000052,-0.033149100257069575,-101.76000000000052,1.4000000000000001,-103.16000000000052,0.0,-101.76000000000052,2,STOP_LOSS,65.0,65.0,0.0,0.0,100.0
AMZN,2026-02-23,2026-03-03,LONG_PUT,PUT,208.56,OPTION_PROXY,16.6848,17.3456,2,-134.96000000000038,-0.040443996931338815,-132.16000000000037,2.8000000000000003,-134.96000000000038,10.240000000000293,-132.16000000000037,8,STOP_LOSS,65.0,65.0,0.0,0.0,100.0
MSFT,2026-02-24,2026-03-17,LONG_PUT,PUT,400.6,OPTION_PROXY,32.048,31.343200000000003,1,69.07999999999987,0.02155516724912627,70.47999999999988,1.4000000000000001,69.07999999999987,70.47999999999988,-80.63999999999965,21,TIME_STOP,65.0,65.0,0.0,0.0,100.0
AMZN,2026-02-24,2026-03-04,LONG_PUT,PUT,210.64,OPTION_PROXY,16.8512,17.5152,2,-135.6000000000003,-0.04023452335738711,-132.8000000000003,2.8000000000000003,-135.6000000000003,43.52000000000018,-132.8000000000003,8,STOP_LOSS,65.0,65.0,0.0,0.0,100.0
AMZN,2026-02-25,2026-03-03,LONG_PUT,PUT,207.92,OPTION_PROXY,16.633599999999998,17.3456,3,-217.80000000000098,-0.04364659484417104,-213.600000000001,4.2,-217.80000000000098,0.0,-213.600000000001,6,STOP_LOSS,65.0,65.0,0.0,0.0,100.0
MSFT,2026-02-26,2026-03-03,LONG_PUT,PUT,392.74,OPTION_PROXY,31.4192,32.416,1,-101.07999999999969,-0.03217141111167684,-99.67999999999968,1.4000000000000001,-101.07999999999969,0.0,-99.67999999999968,5,STOP_LOSS,65.0,65.0,0.0,0.0,100.0
MSFT,2026-03-01,2026-03-04,LONG_PUT,PUT,398.55,OPTION_PROXY,31.884,32.8544,1,-98.4399999999998,-0.030874419771672247,-97.0399999999998,1.4000000000000001,-98.4399999999998,0.0,-97.0399999999998,3,STOP_LOSS,65.0,65.0,0.0,0.0,100.0
MSFT,2026-03-02,2026-03-17,LONG_PUT,PUT,403.93,OPTION_PROXY,32.3144,31.343200000000003,1,95.7199999999996,0.029621469066422275,97.1199999999996,1.4000000000000001,95.7199999999996,97.1199999999996,-53.999999999999915,15,TAKE_PROFIT,65.0,65.0,0.0,0.0,100.0
AAPL,2026-03-08,2026-03-12,LONG_PUT,PUT,259.88,OPTION_PROXY,20.7904,20.009600000000002,2,153.35999999999984,0.03688240726489145,156.15999999999985,2.8000000000000003,153.35999999999984,156.15999999999985,-15.199999999999392,4,TAKE_PROFIT,65.0,65.0,0.0,0.0,100.0
AAPL,2026-03-11,2026-03-19,LONG_PUT,PUT,255.76,OPTION_PROXY,20.4608,19.8392,2,121.51999999999946,0.029695808570534745,124.31999999999945,2.8000000000000003,121.51999999999946,124.31999999999945,0.0,8,TAKE_PROFIT,65.0,65.0,0.0,0.0,100.0
AAPL,2026-03-12,2026-04-05,LONG_PUT,PUT,250.12,OPTION_PROXY,20.009600000000002,20.7088,2,-142.63999999999953,-0.03564289141212206,-139.83999999999952,2.8000000000000003,-142.63999999999953,55.8400000000006,-139.83999999999952,24,STOP_LOSS,65.0,65.0,0.0,0.0,100.0
AAPL,2026-03-15,2026-04-06,LONG_PUT,PUT,252.82,OPTION_PROXY,20.2256,20.28,2,-13.680000000000224,-0.0033818527015268334,-10.880000000000223,2.8000000000000003,-13.680000000000224,99.0400000000001,-96.64000000000001,22,TIME_STOP,65.0,65.0,0.0,0.0,100.0
AAPL,2026-03-16,2026-04-07,LONG_PUT,PUT,254.23,OPTION_PROXY,20.3384,20.712,2,-77.51999999999994,-0.01905754631632772,-74.71999999999994,2.8000000000000003,-77.51999999999994,121.60000000000011,-74.71999999999994,22,TIME_STOP,65.0,65.0,0.0,0.0,100.0
AAPL,2026-03-17,2026-04-05,LONG_PUT,PUT,249.94,OPTION_PROXY,19.9952,20.7088,2,-145.51999999999992,-0.03638873329599102,-142.7199999999999,2.8000000000000003,-145.51999999999992,52.96000000000021,-142.7199999999999,19,STOP_LOSS,65.0,65.0,0.0,0.0,100.0
MSFT,2026-03-17,2026-03-23,LONG_PUT,PUT,391.79,OPTION_PROXY,31.343200000000003,29.819200000000002,1,151.00000000000009,0.04817631894637436,152.4000000000001,1.4000000000000001,151.00000000000009,152.4000000000001,0.0,6,TAKE_PROFIT,65.0,65.0,0.0,0.0,100.0
AAPL,2026-03-18,2026-04-05,LONG_PUT,PUT,248.96,OPTION_PROXY,19.916800000000002,20.7088,2,-161.19999999999962,-0.04046834832904874,-158.3999999999996,2.8000000000000003,-161.19999999999962,37.28000000000051,-158.3999999999996,18,STOP_LOSS,65.0,65.0,0.0,0.0,100.0
AAPL,2026-03-19,2026-03-31,LONG_PUT,PUT,247.99,OPTION_PROXY,19.8392,20.4504,2,-125.03999999999932,-0.03151336747449477,-122.23999999999933,2.8000000000000003,-125.03999999999932,21.760000000000446,-122.23999999999933,12,STOP_LOSS,65.0,65.0,0.0,0.0,100.0
MSFT,2026-03-19,2026-03-25,LONG_PUT,PUT,381.87,OPTION_PROXY,30.5496,29.277600000000003,1,125.79999999999984,0.04117893523974122,127.19999999999985,1.4000000000000001,125.79999999999984,127.19999999999985,-9.039999999999893,6,TAKE_PROFIT,65.0,65.0,0.0,0.0,100.0
AAPL,2026-03-22,2026-04-08,LONG_PUT,PUT,251.49,OPTION_PROXY,20.119200000000003,20.8392,2,-146.79999999999978,-0.03648256391904245,-143.99999999999977,2.8000000000000003,-146.79999999999978,77.76000000000067,-143.99999999999977,17,STOP_LOSS,65.0,65.0,0.0,0.0,100.0
MSFT,2026-03-22,2026-03-24,LONG_PUT,PUT,383.0,OPTION_PROXY,30.64,29.683200000000003,1,94.27999999999976,0.030770234986945092,95.67999999999977,1.4000000000000001,94.27999999999976,95.67999999999977,0.0,2,TAKE_PROFIT,65.0,65.0,0.0,0.0,100.0
AAPL,2026-03-23,2026-04-08,LONG_PUT,PUT,251.64,OPTION_PROXY,20.1312,20.8392,2,-144.4000000000004,-0.03586472738833264,-141.6000000000004,2.8000000000000003,-144.4000000000004,80.16000000000005,-141.6000000000004,16,STOP_LOSS,65.0,65.0,0.0,0.0,100.0
MSFT,2026-03-23,2026-03-26,LONG_PUT,PUT,372.74,OPTION_PROXY,29.819200000000002,28.5416,1,126.36000000000031,0.042375382304018994,127.76000000000032,1.4000000000000001,126.36000000000031,127.76000000000032,0.0,3,TAKE_PROFIT,65.0,65.0,0.0,0.0,100.0
AMZN,2026-03-23,2026-03-26,LONG_PUT,PUT,207.24,OPTION_PROXY,16.5792,15.9472,3,185.39999999999992,0.03727562246670525,189.5999999999999,4.2,185.39999999999992,189.5999999999999,-107.28000000000044,3,TAKE_PROFIT,65.0,65.0,0.0,0.0,100.0
AAPL,2026-03-24,2026-04-08,LONG_PUT,PUT,252.62,OPTION_PROXY,20.209600000000002,20.8392,2,-128.72,-0.031846251286517295,-125.91999999999999,2.8000000000000003,-128.72,95.84000000000046,-125.91999999999999,15,STOP_LOSS,65.0,65.0,0.0,0.0,100.0
MSFT,2026-03-24,2026-03-26,LONG_PUT,PUT,371.04,OPTION_PROXY,29.683200000000003,28.5416,1,112.76000000000039,0.03798781802501091,114.1600000000004,1.4000000000000001,112.76000000000039,114.1600000000004,0.0,2,TAKE_PROFIT,65.0,65.0,0.0,0.0,100.0
AMZN,2026-03-24,2026-03-26,LONG_PUT,PUT,211.71,OPTION_PROXY,16.9368,15.9472,2,195.12000000000023,0.057602380614992274,197.92000000000024,2.8000000000000003,195.12000000000023,197.92000000000024,0.0,2,TAKE_PROFIT,65.0,65.0,0.0,0.0,100.0
AAPL,2026-03-25,2026-04-08,LONG_PUT,PUT,252.89,OPTION_PROXY,20.231199999999998,20.8392,2,-124.40000000000082,-0.03074459251057793,-121.60000000000082,2.8000000000000003,-124.40000000000082,100.15999999999963,-121.60000000000082,14,STOP_LOSS,65.0,65.0,0.0,0.0,100.0
MSFT,2026-03-25,2026-04-12,LONG_PUT,PUT,365.97,OPTION_PROXY,29.277600000000003,30.7496,1,-148.59999999999977,-0.050755526409268434,-147.19999999999976,1.4000000000000001,-148.59999999999977,73.60000000000042,-147.19999999999976,18,STOP_LOSS,65.0,65.0,0.0,0.0,100.0
AMZN,2026-03-25,2026-03-26,LONG_PUT,PUT,207.54,OPTION_PROXY,16.6032,15.9472,3,192.6000000000002,0.03866724486845913,196.80000000000018,4.2,192.6000000000002,196.80000000000018,0.0,1,TAKE_PROFIT,65.0,65.0,0.0,0.0,100.0
AAPL,2026-03-26,2026-04-05,LONG_PUT,PUT,248.8,OPTION_PROXY,19.904,20.7088,2,-163.76000000000005,-0.041137459807073964,-160.96000000000004,2.8000000000000003,-163.76000000000005,34.720000000000084,-160.96000000000004,10,STOP_LOSS,65.0,65.0,0.0,0.0,100.0
MSFT,2026-03-26,2026-03-30,LONG_PUT,PUT,356.77,OPTION_PROXY,28.5416,29.6136,1,-108.60000000000028,-0.038049723911763984,-107.20000000000027,1.4000000000000001,-108.60000000000028,0.0,-107.20000000000027,4,STOP_LOSS,65.0,65.0,0.0,0.0,100.0
AMZN,2026-03-26,2026-03-30,LONG_PUT,PUT,199.34,OPTION_PROXY,15.9472,16.6616,3,-218.51999999999984,-0.04567572990869868,-214.31999999999985,4.2,-218.51999999999984,0.0,-214.31999999999985,4,STOP_LOSS,65.0,65.0,0.0,0.0,100.0
AAPL,2026-03-29,2026-03-31,LONG_PUT,PUT,246.63,OPTION_PROXY,19.7304,20.4504,2,-146.79999999999978,-0.03720147589506543,-143.99999999999977,2.8000000000000003,-146.79999999999978,0.0,-143.99999999999977,2,STOP_LOSS,65.0,65.0,0.0,0.0,100.0
MSFT,2026-03-29,2026-03-30,LONG_PUT,PUT,358.96,OPTION_PROXY,28.7168,29.6136,1,-91.08000000000025,-0.03171662580788955,-89.68000000000025,1.4000000000000001,-91.08000000000025,0.0,-89.68000000000025,1,STOP_LOSS,65.0,65.0,0.0,0.0,100.0
AMZN,2026-03-29,2026-03-30,LONG_PUT,PUT,200.95,OPTION_PROXY,16.076,16.6616,3,-179.87999999999982,-0.03729783528240852,-175.67999999999984,4.2,-179.87999999999982,0.0,-175.67999999999984,1,STOP_LOSS,65.0,65.0,0.0,0.0,100.0
AAPL,2026-03-30,2026-04-14,LONG_PUT,PUT,253.79,OPTION_PROXY,20.3032,21.314400000000003,2,-205.04000000000048,-0.05049450332952453,-202.24000000000046,2.8000000000000003,-205.04000000000048,4.639999999999844,-202.24000000000046,15,STOP_LOSS,65.0,65.0,0.0,0.0,100.0
MSFT,2026-03-30,2026-04-12,LONG_PUT,PUT,370.17,OPTION_PROXY,29.6136,30.7496,1,-114.99999999999993,-0.0388335089283302,-113.59999999999992,1.4000000000000001,-114.99999999999993,6.400000000000006,-113.59999999999992,13,STOP_LOSS,65.0,65.0,0.0,0.0,100.0
MSFT,2026-03-31,2026-04-12,LONG_PUT,PUT,369.37,OPTION_PROXY,29.5496,30.7496,1,-121.39999999999993,-0.04108346644286215,-119.99999999999993,1.4000000000000001,-121.39999999999993,0.0,-119.99999999999993,12,STOP_LOSS,65.0,65.0,0.0,0.0,100.0
MSFT,2026-04-01,2026-04-13,LONG_PUT,PUT,373.46,OPTION_PROXY,29.8768,31.448800000000002,1,-158.60000000000028,-0.05308466770202976,-157.20000000000027,1.4000000000000001,-158.60000000000028,20.719999999999672,-157.20000000000027,12,STOP_LOSS,65.0,65.0,0.0,0.0,100.0
MSFT,2026-04-05,2026-04-12,LONG_PUT,PUT,372.88,OPTION_PROXY,29.8304,30.7496,1,-93.32000000000001,-0.031283522849174,-91.92,1.4000000000000001,-93.32000000000001,16.079999999999828,-91.92,7,STOP_LOSS,65.0,65.0,0.0,0.0,100.0
MSFT,2026-04-06,2026-04-12,LONG_PUT,PUT,372.29,OPTION_PROXY,29.7832,30.7496,1,-98.04000000000002,-0.03291788659378442,-96.64000000000001,1.4000000000000001,-98.04000000000002,11.359999999999815,-96.64000000000001,6,STOP_LOSS,65.0,65.0,0.0,0.0,100.0
MSFT,2026-04-07,2026-04-13,LONG_PUT,PUT,374.33,OPTION_PROXY,29.9464,31.448800000000002,1,-151.64000000000016,-0.05063713835385895,-150.24000000000015,1.4000000000000001,-151.64000000000016,27.679999999999794,-150.24000000000015,6,STOP_LOSS,65.0,65.0,0.0,0.0,100.0
MSFT,2026-04-08,2026-04-12,LONG_PUT,PUT,373.07,OPTION_PROXY,29.8456,30.7496,1,-91.8,-0.03075830273139089,-90.39999999999999,1.4000000000000001,-91.8,17.599999999999838,-90.39999999999999,4,STOP_LOSS,65.0,65.0,0.0,0.0,100.0
MSFT,2026-04-09,2026-04-12,LONG_PUT,PUT,370.87,OPTION_PROXY,29.669600000000003,30.7496,1,-109.39999999999984,-0.036872758648583005,-107.99999999999983,1.4000000000000001,-109.39999999999984,0.0,-107.99999999999983,3,STOP_LOSS,65.0,65.0,0.0,0.0,100.0
AMZN,2026-04-12,2026-04-13,LONG_CALL,CALL,239.89,OPTION_PROXY,19.1912,19.9216,2,143.2800000000006,0.03732960940431047,146.0800000000006,2.8000000000000003,143.2800000000006,146.0800000000006,0.0,1,TAKE_PROFIT,70.0,70.0,0.0,0.0,100.0
AMZN,2026-04-14,2026-04-23,LONG_CALL,CALL,248.5,OPTION_PROXY,19.88,21.119200000000003,2,245.04000000000076,0.061629778672032384,247.84000000000077,2.8000000000000003,245.04000000000076,247.84000000000077,-3.5199999999996123,9,TAKE_PROFIT,70.0,70.0,0.0,0.0,100.0
AMZN,2026-04-15,2026-04-23,LONG_CALL,CALL,249.7,OPTION_PROXY,19.976,21.119200000000003,2,225.84000000000074,0.05652783340008029,228.64000000000075,2.8000000000000003,225.84000000000074,228.64000000000075,-22.71999999999963,8,TAKE_PROFIT,70.0,70.0,0.0,0.0,100.0
AMZN,2026-04-16,2026-04-23,LONG_CALL,CALL,250.56,OPTION_PROXY,20.044800000000002,21.119200000000003,2,212.08000000000013,0.05290150063856963,214.88000000000014,2.8000000000000003,212.08000000000013,214.88000000000014,-36.480000000000246,7,TAKE_PROFIT,70.0,70.0,0.0,0.0,100.0
AAPL,2026-04-19,2026-05-04,LONG_CALL,CALL,273.05,OPTION_PROXY,21.844,22.7344,2,175.27999999999992,0.0401208569859,178.07999999999993,2.8000000000000003,175.27999999999992,178.07999999999993,-110.07999999999996,15,TAKE_PROFIT,70.0,70.0,0.0,0.0,100.0
AMZN,2026-04-19,2026-04-23,LONG_CALL,CALL,248.28,OPTION_PROXY,19.8624,21.119200000000003,2,248.56000000000037,0.06257048493636226,251.36000000000038,2.8000000000000003,248.56000000000037,251.36000000000038,0.0,4,TAKE_PROFIT,70.0,70.0,0.0,0.0,100.0
AMZN,2026-04-20,2026-04-23,LONG_CALL,CALL,249.91,OPTION_PROXY,19.9928,21.119200000000003,2,222.48000000000076,0.05564003041094813,225.28000000000077,2.8000000000000003,222.48000000000076,225.28000000000077,0.0,3,TAKE_PROFIT,70.0,70.0,0.0,0.0,100.0
AMZN,2026-04-21,2026-04-23,LONG_CALL,CALL,255.36,OPTION_PROXY,20.428800000000003,21.119200000000003,2,135.28000000000006,0.033110119047619055,138.08000000000007,2.8000000000000003,135.28000000000006,138.08000000000007,-4.480000000000217,2,TAKE_PROFIT,60.0,60.0,0.0,0.0,100.0
AAPL,2026-04-22,2026-05-04,LONG_CALL,CALL,273.43,OPTION_PROXY,21.8744,22.7344,2,169.19999999999987,0.03867534652379034,171.9999999999999,2.8000000000000003,169.19999999999987,171.9999999999999,-93.11999999999969,12,TAKE_PROFIT,70.0,70.0,0.0,0.0,100.0
AMZN,2026-04-22,2026-04-23,LONG_CALL,CALL,255.08,OPTION_PROXY,20.4064,21.119200000000003,2,139.76000000000028,0.03424415869531134,142.5600000000003,2.8000000000000003,139.76000000000028,142.5600000000003,0.0,1,TAKE_PROFIT,80.0,80.0,0.0,0.0,100.0
AAPL,2026-04-23,2026-04-30,LONG_CALL,CALL,271.06,OPTION_PROXY,21.6848,22.4112,2,142.48000000000033,0.03285250498044721,145.28000000000034,2.8000000000000003,142.48000000000033,145.28000000000034,-55.19999999999925,7,TAKE_PROFIT,70.0,70.0,0.0,0.0,100.0
AMZN,2026-04-23,2026-05-03,LONG_CALL,CALL,263.99,OPTION_PROXY,21.119200000000003,21.764000000000003,2,126.16000000000001,0.02986855562710709,128.96,2.8000000000000003,126.16000000000001,128.96,-68.64000000000061,10,TAKE_PROFIT,60.0,60.0,0.0,0.0,100.0
AMZN,2026-04-26,2026-05-03,LONG_CALL,CALL,261.12,OPTION_PROXY,20.8896,21.764000000000003,2,172.08000000000027,0.041187959558823595,174.88000000000028,2.8000000000000003,172.08000000000027,174.88000000000028,-22.72000000000034,7,TAKE_PROFIT,80.0,80.0,0.0,0.0,100.0
AMZN,2026-04-27,2026-04-30,LONG_CALL,CALL,259.7,OPTION_PROXY,20.776,21.4608,2,134.15999999999983,0.03228725452445125,136.95999999999984,2.8000000000000003,134.15999999999983,136.95999999999984,0.0,3,TAKE_PROFIT,80.0,80.0,0.0,0.0,100.0
AMZN,2026-04-28,2026-05-03,LONG_CALL,CALL,263.04,OPTION_PROXY,21.043200000000002,21.764000000000003,2,141.3600000000001,0.033588047445255495,144.1600000000001,2.8000000000000003,141.3600000000001,144.1600000000001,0.0,5,TAKE_PROFIT,65.0,65.0,0.0,0.0,100.0
AMZN,2026-04-29,2026-05-04,LONG_CALL,CALL,265.06,OPTION_PROXY,21.204800000000002,21.884,2,133.0399999999996,0.031370255791141534,135.8399999999996,2.8000000000000003,133.0399999999996,135.8399999999996,0.0,5,TAKE_PROFIT,80.0,80.0,0.0,0.0,100.0
AMZN,2026-04-30,2026-05-18,LONG_CALL,CALL,268.26,OPTION_PROXY,21.4608,20.7472,2,-145.51999999999992,-0.03390367553865651,-142.7199999999999,2.8000000000000003,-145.51999999999992,107.68000000000058,-142.7199999999999,18,STOP_LOSS,80.0,80.0,0.0,0.0,100.0
AAPL,2026-05-03,2026-05-05,LONG_CALL,CALL,276.83,OPTION_PROXY,22.1464,23.000799999999998,2,168.07999999999964,0.03794747679081017,170.87999999999965,2.8000000000000003,168.07999999999964,170.87999999999965,0.0,2,TAKE_PROFIT,70.0,70.0,0.0,0.0,100.0
AMZN,2026-05-03,2026-05-18,LONG_CALL,CALL,272.05,OPTION_PROXY,21.764000000000003,20.7472,2,-206.1600000000007,-0.0473626171659623,-203.3600000000007,2.8000000000000003,-206.1600000000007,47.03999999999979,-203.3600000000007,15,STOP_LOSS,80.0,80.0,0.0,0.0,100.0
AMZN,2026-05-04,2026-05-14,LONG_CALL,CALL,273.55,OPTION_PROXY,21.884,21.1312,2,-153.36000000000013,-0.03503929811734603,-150.56000000000012,2.8000000000000003,-153.36000000000013,23.040000000000305,-150.56000000000012,10,STOP_LOSS,80.0,80.0,0.0,0.0,100.0
AAPL,2026-05-05,2026-05-12,LONG_CALL,CALL,287.51,OPTION_PROXY,23.000799999999998,23.9096,2,178.96000000000058,0.038902994678446094,181.7600000000006,2.8000000000000003,178.96000000000058,181.7600000000006,-1.1199999999995214,7,TAKE_PROFIT,70.0,70.0,0.0,0.0,100.0
AMZN,2026-05-05,2026-05-11,LONG_CALL,CALL,274.99,OPTION_PROXY,21.999200000000002,21.2656,2,-149.52000000000055,-0.03398305392923391,-146.72000000000054,2.8000000000000003,-149.52000000000055,0.0,-146.72000000000054,6,STOP_LOSS,80.0,80.0,0.0,0.0,100.0
AAPL,2026-05-06,2026-05-12,LONG_CALL,CALL,287.44,OPTION_PROXY,22.9952,23.9096,2,180.0800000000001,0.039155997773448394,182.8800000000001,2.8000000000000003,180.0800000000001,182.8800000000001,0.0,6,TAKE_PROFIT,80.0,80.0,0.0,0.0,100.0
AMZN,2026-05-06,2026-05-18,LONG_CALL,CALL,271.17,OPTION_PROXY,21.6936,20.7472,2,-192.08000000000013,-0.04427112143673713,-189.28000000000011,2.8000000000000003,-192.08000000000013,24.160000000000537,-189.28000000000011,12,STOP_LOSS,80.0,80.0,0.0,0.0,100.0
AAPL,2026-05-07,2026-05-19,LONG_CALL,CALL,293.32,OPTION_PROXY,23.4656,24.18,2,140.08000000000024,0.029847947633983414,142.88000000000025,2.8000000000000003,140.08000000000024,142.88000000000025,-10.239999999999583,12,TAKE_PROFIT,60.0,60.0,0.0,0.0,100.0
AMZN,2026-05-07,2026-05-14,LONG_CALL,CALL,272.68,OPTION_PROXY,21.814400000000003,21.1312,2,-139.4400000000006,-0.031960539826903465,-136.64000000000058,2.8000000000000003,-139.4400000000006,0.0,-136.64000000000058,7,STOP_LOSS,80.0,80.0,0.0,0.0,100.0
AAPL,2026-05-10,2026-05-19,LONG_CALL,CALL,292.68,OPTION_PROXY,23.4144,24.18,2,150.31999999999982,0.03209990433237662,153.11999999999983,2.8000000000000003,150.31999999999982,153.11999999999983,0.0,9,TAKE_PROFIT,80.0,80.0,0.0,0.0,100.0
AMZN,2026-05-10,2026-05-18,LONG_CALL,CALL,268.99,OPTION_PROXY,21.5192,20.7472,2,-157.20000000000041,-0.036525521394847486,-154.4000000000004,2.8000000000000003,-157.20000000000041,18.239999999999412,-154.4000000000004,8,STOP_LOSS,80.0,80.0,0.0,0.0,100.0
AAPL,2026-05-11,2026-05-20,LONG_CALL,CALL,294.8,OPTION_PROXY,23.584,24.3992,2,160.24000000000015,0.03397218453188606,163.04000000000016,2.8000000000000003,160.24000000000015,163.04000000000016,0.0,9,TAKE_PROFIT,65.0,65.0,0.0,0.0,100.0
AMZN,2026-05-11,2026-05-27,LONG_CALL,CALL,265.82,OPTION_PROXY,21.2656,21.92,2,128.0800000000005,0.03011436310285167,130.8800000000005,2.8000000000000003,128.0800000000005,130.8800000000005,-103.67999999999995,16,TAKE_PROFIT,80.0,80.0,0.0,0.0,100.0
AAPL,2026-05-12,2026-05-21,LONG_CALL,CALL,298.87,OPTION_PROXY,23.9096,24.7056,2,156.39999999999986,0.032706527921838896,159.19999999999987,2.8000000000000003,156.39999999999986,159.19999999999987,-16.480000000000672,9,TAKE_PROFIT,80.0,80.0,0.0,0.0,100.0
AMZN,2026-05-12,2026-05-18,LONG_CALL,CALL,270.13,OPTION_PROXY,21.6104,20.7472,2,-175.43999999999983,-0.04059156702328504,-172.63999999999982,2.8000000000000003,-175.43999999999983,0.0,-172.63999999999982,6,STOP_LOSS,80.0,80.0,0.0,0.0,100.0
AAPL,2026-05-13,2026-05-21,LONG_CALL,CALL,298.21,OPTION_PROXY,23.8568,24.7056,2,166.96000000000012,0.03499211964722849,169.76000000000013,2.8000000000000003,166.96000000000012,169.76000000000013,-5.920000000000414,8,TAKE_PROFIT,80.0,80.0,0.0,0.0,100.0
AAPL,2026-05-14,2026-05-26,LONG_CALL,CALL,300.23,OPTION_PROXY,24.018400000000003,24.868000000000002,2,167.11999999999975,0.03478999433767439,169.91999999999976,2.8000000000000003,167.11999999999975,169.91999999999976,-38.24000000000112,12,TAKE_PROFIT,80.0,80.0,0.0,0.0,100.0
AMZN,2026-05-14,2026-05-27,LONG_CALL,CALL,264.14,OPTION_PROXY,21.1312,21.92,2,154.96000000000038,0.036666161883849566,157.7600000000004,2.8000000000000003,154.96000000000038,157.7600000000004,-76.80000000000007,13,TAKE_PROFIT,70.0,70.0,0.0,0.0,100.0
AAPL,2026-05-17,2026-05-21,LONG_CALL,CALL,297.84,OPTION_PROXY,23.827199999999998,24.7056,2,172.88000000000054,0.0362778673113082,175.68000000000055,2.8000000000000003,172.88000000000054,175.68000000000055,0.0,4,TAKE_PROFIT,80.0,80.0,0.0,0.0,100.0
AMZN,2026-05-17,2026-05-27,LONG_CALL,CALL,264.86,OPTION_PROXY,21.1888,21.92,2,143.44000000000023,0.033848070678849256,146.24000000000024,2.8000000000000003,143.44000000000023,146.24000000000024,-88.32000000000022,10,TAKE_PROFIT,80.0,80.0,0.0,0.0,100.0
AAPL,2026-05-18,2026-05-21,LONG_CALL,CALL,298.97,OPTION_PROXY,23.917600000000004,24.7056,2,154.79999999999933,0.03236110646553152,157.59999999999934,2.8000000000000003,154.79999999999933,157.59999999999934,0.0,3,TAKE_PROFIT,80.0,80.0,0.0,0.0,100.0
AAPL,2026-05-19,2026-05-27,LONG_CALL,CALL,302.25,OPTION_PROXY,24.18,25.000799999999998,2,161.35999999999967,0.03336641852770878,164.15999999999968,2.8000000000000003,161.35999999999967,164.15999999999968,0.0,8,TAKE_PROFIT,80.0,80.0,0.0,0.0,100.0
AAPL,2026-05-20,2026-05-31,LONG_CALL,CALL,304.99,OPTION_PROXY,24.3992,24.5048,2,18.319999999999805,0.0037542214498835626,21.119999999999806,2.8000000000000003,18.319999999999805,120.31999999999954,0.0,11,TIME_STOP,65.0,65.0,0.0,0.0,100.0
AAPL,2026-05-21,2026-05-31,LONG_CALL,CALL,308.82,OPTION_PROXY,24.7056,24.5048,2,-42.96000000000019,-0.008694385078686653,-40.160000000000196,2.8000000000000003,-42.96000000000019,59.03999999999954,-40.160000000000196,10,TIME_STOP,65.0,65.0,0.0,0.0,100.0
AAPL,2026-05-25,2026-05-31,LONG_CALL,CALL,308.33,OPTION_PROXY,24.6664,24.5048,2,-35.11999999999999,-0.0071189958810365505,-32.31999999999999,2.8000000000000003,-35.11999999999999,66.87999999999974,-32.31999999999999,6,TIME_STOP,65.0,65.0,0.0,0.0,100.0
AAPL,2026-05-26,2026-05-31,LONG_CALL,CALL,310.85,OPTION_PROXY,24.868000000000002,24.5048,2,-75.44000000000052,-0.01516808750201072,-72.64000000000053,2.8000000000000003,-75.44000000000052,26.559999999999206,-72.64000000000053,5,TIME_STOP,65.0,65.0,0.0,0.0,100.0
AAPL,2026-05-27,2026-05-31,LONG_CALL,CALL,312.51,OPTION_PROXY,25.000799999999998,24.5048,1,-50.999999999999865,-0.02039934722088888,-49.599999999999866,1.4000000000000001,-50.999999999999865,0.0,-49.599999999999866,4,TIME_STOP,65.0,65.0,0.0,0.0,100.0
AAPL,2026-05-28,2026-05-31,LONG_CALL,CALL,312.06,OPTION_PROXY,24.9648,24.5048,2,-94.80000000000017,-0.018986733320515318,-92.00000000000017,2.8000000000000003,-94.80000000000017,0.0,-92.00000000000017,3,TIME_STOP,65.0,65.0,0.0,0.0,100.0
