underlying_symbol,quote_date,expiry,days_to_expiration,contract_count,call_contract_count,put_contract_count,strike_count,total_volume,total_open_interest,call_volume,put_volume,call_open_interest,put_open_interest,call_put_volume_ratio,call_put_open_interest_ratio,weighted_implied_volatility,call_weighted_implied_volatility,put_weighted_implied_volatility,atm_implied_volatility,downside_put_implied_volatility,upside_call_implied_volatility,put_skew_25d_minus_atm,call_skew_25d_minus_atm,risk_reversal_25d,near_money_contract_count,downside_put_contract_count,upside_call_contract_count,top_5_open_interest_concentration,top_5_volume_concentration,governance_status,governance_reasons
AAPL,2026-07-20,2026-07-27,7,21,9,12,17,13612,10681,6654,6958,3016,7665,0.95630928,0.39347684,0.28201257,0.29301685,0.27768264,0.27230279,0.27630653,0.28954506,0.00400374,0.01724227,0.01323853,4,2,4,0.51746091,0.51469292,READY,[]
AAPL,2026-07-20,2026-07-29,9,16,8,8,14,8001,9179,3295,4706,2786,6393,0.70017,0.43578914,0.29806215,0.28675812,0.30298832,0.28680122,0.28855372,0.2883754,0.0017525,0.00157418,-0.00017832,3,2,3,0.71511058,0.56292963,READY,[]
AAPL,2026-07-20,2026-07-31,11,43,23,20,31,41497,110981,22467,19030,53600,57381,1.18060956,0.93410711,0.40310926,0.40609776,0.40031767,0.38692258,0.38386551,0.37962624,-0.00305707,-0.00729634,-0.00423927,9,6,3,0.43566917,0.4105839,READY,[]
AAPL,2026-07-20,2026-08-07,18,23,12,11,16,8460,49192,4751,3709,39825,9367,1.28093826,4.25162806,0.34778204,0.34452779,0.36161788,0.34755077,0.34416112,0.33220264,-0.00338965,-0.01534813,-0.01195848,4,3,3,0.69669865,0.41040189,READY,[]
AAPL,2026-07-20,2026-08-14,25,19,9,10,16,5990,21732,2953,3037,15297,6435,0.97234113,2.37715618,0.31998343,0.31578462,0.32996466,0.3187844,0.32998563,0.31085675,0.01120123,-0.00792765,-0.01912888,4,4,4,0.52098288,0.51001669,READY,[]
AAPL,2026-07-20,2026-08-21,32,48,25,23,36,69887,447933,36104,33783,262426,185507,1.06870319,1.41464204,0.34560032,0.32397896,0.3761868,0.30890155,0.32245405,0.29670111,0.0135525,-0.01220044,-0.02575294,5,4,4,0.34677508,0.41569963,READY,[]
AAPL,2026-07-20,2026-08-28,39,15,9,6,12,4649,12589,2941,1708,11015,1574,1.72189696,6.99809403,0.29864128,0.29883493,0.29728607,0.30463524,0.31399857,0.29019146,0.00936333,-0.01444378,-0.02380711,6,2,3,0.75001986,0.64142826,READY,[]
AAPL,2026-07-20,2026-09-18,60,48,24,24,38,34887,450738,21119,13768,284016,166722,1.53391923,1.70353043,0.33989846,0.31691293,0.37905501,0.30166453,0.30972192,0.28458072,0.00805739,-0.01708381,-0.0251412,8,5,4,0.36198634,0.4953421,READY,[]
ABNB,2026-07-20,2026-08-21,32,10,7,3,9,5026,10811,3862,1164,9778,1033,3.31786942,9.46563408,0.43998529,0.4370075,0.46817199,0.44988464,,0.43052812,,-0.01935652,,2,0,3,0.89066691,0.85992837,REVIEW,"[""open-interest concentration exceeds ready limit""]"
ADBE,2026-07-20,2026-08-21,32,18,14,4,18,5424,19719,3963,1461,15063,4656,2.71252567,3.23518041,0.59149726,0.60613302,0.54414793,0.50063845,0.46283999,0.51187542,-0.03779846,0.01123697,0.04903543,2,1,3,0.48126173,0.53816372,READY,[]
AMAT,2026-07-20,2026-08-21,32,13,7,6,13,2930,16771,1611,1319,8180,8591,1.22137983,0.95215924,1.03709105,0.94467606,1.12508482,0.96404137,,0.94220336,,-0.02183801,,2,0,4,0.68737702,0.53788396,READY,[]
AMD,2026-07-20,2026-07-31,11,52,33,19,47,16114,53009,9919,6195,20393,32616,1.60112994,0.62524528,1.01711792,0.97950991,1.04063215,0.92934019,0.99096071,0.91147787,0.06162052,-0.01786232,-0.07948284,11,8,9,0.47278764,0.25964999,READY,[]
AMD,2026-07-20,2026-08-07,18,23,18,5,23,6143,14115,5317,826,10498,3617,6.437046,2.90240531,0.9753346,0.95565139,1.03246323,0.95707763,0.99677627,0.94930032,0.03969864,-0.00777731,-0.04747595,5,1,4,0.54190577,0.53768517,READY,[]
AMD,2026-07-20,2026-08-21,32,41,20,21,38,12348,110954,7045,5303,57997,52957,1.32849331,1.09517155,0.91534625,0.86971924,0.96531565,0.87732397,0.91525145,0.86357358,0.03792748,-0.01375039,-0.05167787,9,8,8,0.33146169,0.3415128,READY,[]
AMD,2026-07-20,2026-09-18,60,18,9,9,16,9259,48788,7130,2129,22586,26202,3.34899014,0.86199527,0.91100012,0.81007846,0.99799411,0.81158165,0.83662653,0.81302118,0.02504488,0.00143953,-0.02360535,6,4,1,0.54292039,0.74813695,READY,[]
AMZN,2026-07-20,2026-07-27,7,17,11,6,15,8839,8041,7528,1311,7181,860,5.74218154,8.35,0.34302389,0.34212214,0.35055345,0.35427688,0.32560119,0.33582976,-0.02867569,-0.01844712,0.01022857,4,2,3,0.67255317,0.64351171,READY,[]
AMZN,2026-07-20,2026-07-31,11,37,20,17,34,24228,66447,15812,8416,46977,19470,1.87880228,2.41278891,0.58389063,0.58141448,0.58986506,0.58114421,0.55877593,0.57597884,-0.02236828,-0.00516537,0.01720291,8,6,6,0.39742953,0.49533597,READY,[]
AMZN,2026-07-20,2026-08-07,18,15,10,5,15,3595,26463,2924,671,23155,3308,4.35767511,6.9996977,0.50117726,0.49952373,0.51275145,0.49872971,0.49867967,0.49665872,-5.004e-05,-0.00207099,-0.00202095,3,1,4,0.55443449,0.58080668,READY,[]
AMZN,2026-07-20,2026-08-14,25,11,7,4,10,3664,13458,3045,619,12188,1270,4.91922456,9.59685039,0.45820939,0.45833437,0.45700999,0.4578749,0.45221359,0.45406289,-0.00566131,-0.00381201,0.0018493,3,2,3,0.82189033,0.79230349,REVIEW,"[""open-interest concentration exceeds ready limit""]"
AMZN,2026-07-20,2026-08-21,32,39,22,17,31,37592,590216,27892,9700,440851,149365,2.87546392,2.95150136,0.44357513,0.43893058,0.45728353,0.43262419,0.42826445,0.42846388,-0.00435974,-0.00416031,0.00019943,6,4,5,0.36814658,0.4185731,READY,[]
AMZN,2026-07-20,2026-09-18,60,29,19,10,26,13180,274621,10394,2786,191474,83147,3.73079684,2.30283714,0.39964741,0.39272836,0.41558086,0.39130253,0.39138941,0.38725505,8.688e-05,-0.00404748,-0.00413436,7,3,6,0.34044374,0.46198786,READY,[]
ANET,2026-07-20,2026-07-31,11,12,6,6,11,8504,7370,2074,6430,4438,2932,0.32255054,1.51364256,0.73979911,0.71093717,0.78348578,0.70976437,0.79306856,0.66113369,0.08330419,-0.04863068,-0.13193487,3,2,1,0.75807327,0.74400282,READY,[]
ARKK,2026-07-20,2026-09-18,60,16,4,12,15,2720,29640,504,2216,4075,25565,0.22743682,0.15939761,0.4212482,0.4375382,0.41865161,0.41250492,,,,,,4,0,0,0.72584345,0.44816176,READY,[]
AVGO,2026-07-20,2026-07-31,11,26,17,9,24,6418,24717,4692,1726,17342,7375,2.7184241,2.35145763,0.58937237,0.56168077,0.65448798,0.57834347,0.64272507,0.55235591,0.0643816,-0.02598756,-0.09036916,7,2,5,0.52943318,0.40588969,READY,[]
AVGO,2026-07-20,2026-08-21,32,26,14,12,23,9176,155319,5772,3404,80302,75017,1.69565217,1.0704507,0.53821804,0.5070359,0.57159698,0.52430709,0.55201165,0.50196537,0.02770456,-0.02234172,-0.05004628,4,4,4,0.33019785,0.40039233,READY,[]
AVGO,2026-07-20,2026-09-18,60,25,13,12,24,8649,137288,3910,4739,80600,56688,0.82506858,1.42181767,0.58392389,0.54806763,0.63490495,0.55604541,0.5860417,0.54410868,0.02999629,-0.01193673,-0.04193302,5,4,5,0.45322242,0.53994681,READY,[]
BA,2026-07-20,2026-07-31,11,17,10,7,15,8246,10773,4172,4074,7947,2826,1.02405498,2.81210191,0.50114174,0.50117589,0.50104569,0.49410475,0.49783842,0.48827382,0.00373367,-0.00583093,-0.0095646,3,2,2,0.57866889,0.63121513,READY,[]
BA,2026-07-20,2026-08-21,32,24,16,8,20,25025,114935,21360,3665,74561,40374,5.82810368,1.84675781,0.40242277,0.40776677,0.39255371,0.38647233,0.39522991,0.38489419,0.00875758,-0.00157814,-0.01033572,4,3,3,0.3862705,0.64551449,READY,[]
BA,2026-07-20,2026-09-18,60,13,8,5,13,4050,39338,2583,1467,23106,16232,1.7607362,1.42348448,0.36573185,0.36585466,0.36555703,0.36232017,0.3656609,0.35764312,0.00334073,-0.00467705,-0.00801778,2,2,3,0.55030759,0.64641975,READY,[]
BAC,2026-07-20,2026-07-31,11,14,8,6,11,6475,36765,3820,2655,21810,14955,1.43879473,1.45837513,0.24881374,0.25326877,0.24231664,0.24216881,0.23783412,0.24602045,-0.00433469,0.00385164,0.00818633,3,2,2,0.74929961,0.60864865,READY,[]
BAC,2026-07-20,2026-08-21,32,13,7,6,11,12035,99326,9841,2194,57039,42287,4.48541477,1.34885426,0.25497206,0.24584344,0.26728524,0.24072852,0.24147571,0.2300078,0.00074719,-0.01072072,-0.01146791,2,1,1,0.6685158,0.87935189,READY,[]
BAC,2026-07-20,2026-09-18,60,12,5,7,9,19835,216552,3177,16658,101942,114610,0.19071917,0.88946863,0.26274786,0.23076285,0.29119751,0.24008366,0.25587115,0.21923738,0.01578749,-0.02084628,-0.03663377,2,2,1,0.74376593,0.90178977,READY,[]
C,2026-07-20,2026-08-21,32,11,5,6,9,21865,70920,3440,18425,48581,22339,0.18670285,2.17471686,0.30119695,0.2830483,0.34066512,0.31319102,0.34629647,0.27985498,0.03310545,-0.03333604,-0.06644149,2,1,2,0.77595883,0.92764692,READY,[]
C,2026-07-20,2026-09-18,60,11,6,5,10,3374,34889,1803,1571,20122,14767,1.14767664,1.3626329,0.31200209,0.29012337,0.34181476,0.30403529,0.33214286,0.2854256,0.02810757,-0.01860969,-0.04671726,2,2,2,0.66270171,0.69087137,READY,[]
CCL,2026-07-20,2026-08-21,32,12,9,3,11,3768,55614,2992,776,34136,21478,3.8556701,1.58934724,0.46133441,0.44468857,0.48779044,0.46354115,,0.43960299,,-0.02393816,,3,0,3,0.76108534,0.72160297,READY,[]
CMG,2026-07-20,2026-09-18,60,11,6,5,8,3672,84780,2022,1650,39501,45279,1.22545455,0.87239117,0.49098946,0.48540273,0.49586327,0.48240252,0.49757524,0.49145205,0.01517272,0.00904953,-0.00612319,4,2,1,0.65379807,0.69961874,READY,[]
COIN,2026-07-20,2026-07-31,11,25,18,7,22,9231,12725,5599,3632,8916,3809,1.54157489,2.34077186,1.07866445,0.97139645,1.32975434,0.97055072,1.00649358,0.94265587,0.03594286,-0.02789485,-0.06383771,6,1,4,0.45178782,0.50135413,READY,[]
COIN,2026-07-20,2026-08-07,18,10,4,6,10,2206,5365,706,1500,1714,3651,0.47066667,0.46946042,1.28541333,0.88652693,1.47267471,0.88674601,0.93941257,0.88193216,0.05266656,-0.00481385,-0.05748041,1,1,1,0.74986021,0.73889393,READY,[]
COIN,2026-07-20,2026-08-21,32,20,14,6,19,6101,60113,4245,1856,49285,10828,2.28717672,4.55162542,0.84100778,0.82566847,0.91082658,0.79088156,0.84917884,0.82069544,0.05829728,0.02981388,-0.0284834,4,1,4,0.52900371,0.56072775,READY,[]
COIN,2026-07-20,2026-09-18,60,12,9,3,11,2972,29365,2287,685,24137,5228,3.33868613,4.6168707,0.83658062,0.83853356,0.82756416,0.78709868,,0.78706017,,-3.851e-05,,5,0,3,0.72957603,0.59858681,READY,[]
COP,2026-07-20,2026-08-21,32,10,7,3,9,2274,16770,1319,955,12816,3954,1.38115183,3.24127466,0.36061901,0.3537524,0.38287558,0.32894024,0.37113023,0.33057529,0.04218999,0.00163505,-0.04055494,2,1,1,0.8110316,0.74450308,REVIEW,"[""open-interest concentration exceeds ready limit""]"
COST,2026-07-20,2026-07-31,11,26,11,15,26,7488,10643,2442,5046,3924,6719,0.48394768,0.58401548,0.6431128,0.46942106,0.74455146,0.23530804,0.24025262,,0.00494458,,,2,1,0,0.36239782,0.39383013,READY,[]
COST,2026-07-20,2026-08-21,32,10,5,5,10,1877,6365,967,910,3984,2381,1.06263736,1.67324654,0.2926014,0.27757515,0.31774402,0.23611062,0.22856507,0.23593123,-0.00754555,-0.00017939,0.00736616,1,2,1,0.77847604,0.66062866,READY,[]
CRM,2026-07-20,2026-07-31,11,11,7,4,10,3745,5802,3052,693,4763,1039,4.4040404,4.58421559,0.5712678,0.5665375,0.59295252,0.55914899,0.54523247,0.56064757,-0.01391652,0.00149858,0.0154151,1,1,2,0.71975181,0.77837116,READY,[]
CRM,2026-07-20,2026-08-21,32,19,11,8,16,8114,107758,4714,3400,73372,34386,1.38647059,2.13377537,0.4826042,0.48814523,0.47078087,0.475148,0.46756126,0.48122482,-0.00758674,0.00607682,0.01366356,5,3,3,0.47924052,0.60044368,READY,[]
CRM,2026-07-20,2026-09-18,60,11,7,4,10,4072,49730,2602,1470,36683,13047,1.77006803,2.8116042,0.5058712,0.50832305,0.49897757,0.49388471,0.5087363,0.50368489,0.01485159,0.00980018,-0.00505141,3,2,2,0.73402373,0.76669941,READY,[]
CRWD,2026-07-20,2026-07-31,11,19,11,8,18,5396,6917,3691,1705,4474,2443,2.16480938,1.83135489,0.77642637,0.76233723,0.80222859,0.72188582,0.72595316,0.69703018,0.00406734,-0.02485564,-0.02892298,2,2,2,0.50802371,0.50611564,READY,[]
CRWD,2026-07-20,2026-08-21,32,28,16,12,26,8023,52057,3956,4067,29590,22467,0.97270716,1.31704277,0.66207543,0.62404271,0.71216614,0.64760231,0.67677595,0.63512706,0.02917364,-0.01247525,-0.04164889,5,6,6,0.35411184,0.42328306,READY,[]
CRWV,2026-07-20,2026-07-31,11,33,25,8,29,15375,36114,13072,2303,27462,8652,5.67607469,3.1740638,1.10956568,1.08045555,1.20196309,1.09253898,1.19147899,1.05072064,0.09894001,-0.04181834,-0.14075835,8,2,7,0.53120673,0.56247154,READY,[]
CRWV,2026-07-20,2026-08-21,32,24,14,10,21,13603,185966,10832,2771,122851,63115,3.9090581,1.94646281,1.12286924,1.0879459,1.19084622,1.1030356,1.13708563,1.08011348,0.03405003,-0.02292212,-0.05697215,5,2,4,0.6805814,0.57487319,READY,[]
CRWV,2026-07-20,2026-09-18,60,20,14,6,18,6307,99150,5494,813,70908,28242,6.75768758,2.5107287,1.0272936,1.01039291,1.06972665,1.01440295,1.0603334,1.00794801,0.04593045,-0.00645494,-0.05238539,5,2,5,0.53826525,0.58823529,READY,[]
CSCO,2026-07-20,2026-08-21,32,10,8,2,9,3197,50056,2917,280,38663,11393,10.41785714,3.393575,0.53169336,0.53525658,0.51960134,0.52011858,0.53227953,0.53218019,0.01216095,0.01206161,-9.934e-05,3,1,3,0.75893,0.78667501,READY,[]
CVNA,2026-07-20,2026-08-21,32,15,7,8,15,4252,46290,2373,1879,15702,30588,1.2629058,0.51333856,0.88110538,0.85141275,0.89634775,0.89556023,0.90262188,0.85313603,0.00706165,-0.0424242,-0.04948585,1,3,1,0.65372651,0.5284572,READY,[]
CVX,2026-07-20,2026-07-31,11,13,8,5,11,3774,11978,1381,2393,9896,2082,0.57709987,4.753122,0.34395497,0.33833077,0.3706875,0.3454238,0.34468814,0.34869099,-0.00073566,0.00326719,0.00400285,2,1,3,0.77174821,0.67859036,READY,[]
CVX,2026-07-20,2026-08-21,32,12,7,5,11,4336,32426,3175,1161,20094,12332,2.73471146,1.6294194,0.30973941,0.29250841,0.33781594,0.2830686,0.32362565,0.29240869,0.04055705,0.00934009,-0.03121696,1,2,1,0.65262444,0.68657749,READY,[]
DELL,2026-07-20,2026-07-31,11,12,5,7,12,2555,3677,804,1751,1572,2105,0.45916619,0.74679335,0.94642172,0.88742701,0.99047857,0.92950065,0.97663825,0.87913401,0.0471376,-0.05036664,-0.09750424,3,3,2,0.61245581,0.64500978,READY,[]
DELL,2026-07-20,2026-08-21,32,18,7,11,18,4528,15410,1032,3496,6818,8592,0.29519451,0.79352886,0.9025463,0.83449644,0.95654582,0.84816302,0.88800743,0.8295794,0.03984441,-0.01858362,-0.05842803,2,2,3,0.50259572,0.61594523,READY,[]
DIA,2026-07-20,2026-07-31,11,23,13,10,22,5554,14151,2557,2997,9749,4402,0.85318652,2.21467515,0.19620688,0.13771608,0.32574499,0.14268723,,0.13162269,,-0.01106454,,5,0,3,0.55183379,0.39611091,READY,[]
DIA,2026-07-20,2026-08-21,32,13,4,9,12,2855,14321,802,2053,6345,7976,0.39064783,0.79551153,0.14162445,0.12522782,0.15466815,0.13531235,0.16464208,0.12441551,0.02932973,-0.01089684,-0.04022657,3,4,2,0.64297186,0.57513135,READY,[]
DIS,2026-07-20,2026-07-31,11,10,6,4,9,4729,7408,3847,882,3168,4240,4.361678,0.74716981,0.3157308,0.35566649,0.28589206,0.26649314,0.29147101,0.27767929,0.02497787,0.01118615,-0.01379172,2,2,1,0.72691685,0.84563333,READY,[]
EEM,2026-07-20,2026-08-21,32,17,10,7,15,4848,188172,2509,2339,81490,106682,1.07268063,0.76385895,0.34862423,0.33737419,0.35721767,0.34155545,0.3765972,0.336305,0.03504175,-0.00525045,-0.0402922,7,1,3,0.80075144,0.57363861,REVIEW,"[""open-interest concentration exceeds ready limit""]"
EEM,2026-07-20,2026-09-18,60,18,6,12,18,41386,506594,10648,30738,153622,352972,0.34641161,0.43522432,0.35479175,0.32672013,0.3670092,0.31709564,0.37136559,0.33663793,0.05426995,0.01954229,-0.03472766,7,3,3,0.6184558,0.87744648,READY,[]
EFA,2026-07-20,2026-08-21,32,10,3,7,10,3600,67100,840,2760,18557,48543,0.30434783,0.38227963,0.19695562,0.1821913,0.20259972,0.2023823,0.17776461,0.15226898,-0.02461769,-0.05011332,-0.02549563,3,1,1,0.90968703,0.79138889,REVIEW,"[""open-interest concentration exceeds ready limit""]"
EFA,2026-07-20,2026-09-18,60,12,4,8,12,2987,48042,1040,1947,15300,32742,0.53415511,0.46728972,0.32405733,0.18209874,0.39039312,0.12737102,0.3046219,0.17275229,0.17725088,0.04538127,-0.13186961,1,3,2,0.87034262,0.60194175,REVIEW,"[""open-interest concentration exceeds ready limit""]"
ETHA,2026-07-20,2026-07-31,11,18,9,9,16,12316,110820,4495,7821,60872,49948,0.57473469,1.21870746,1.07435002,0.50533425,1.76781377,0.46454198,0.55758874,0.47464408,0.09304676,0.0101021,-0.08294466,1,1,2,0.68955965,0.67806106,READY,[]
ETHA,2026-07-20,2026-08-21,32,10,7,3,8,10222,60257,8297,1925,54246,6011,4.31012987,9.02445517,0.48677221,0.48289511,0.52176092,0.47277345,0.53031129,0.47796172,0.05753784,0.00518827,-0.05234957,1,1,1,0.90324776,0.82302876,REVIEW,"[""open-interest concentration exceeds ready limit""]"
ETHA,2026-07-20,2026-09-18,60,14,9,5,12,17205,164065,11672,5533,99610,64455,2.10952467,1.54541928,0.54704216,0.51813727,0.59171233,0.48475157,0.5925956,0.49048924,0.10784403,0.00573767,-0.10210636,1,1,3,0.54079176,0.80005812,READY,[]
EWZ,2026-07-20,2026-08-21,32,14,9,5,13,31919,401383,17955,13964,358513,42870,1.28580636,8.36279449,0.29062037,0.29247385,0.27512012,0.2661013,0.27749056,0.28241587,0.01138926,0.01631457,0.00492531,3,1,2,0.77397398,0.90836179,READY,[]
F,2026-07-20,2026-07-31,11,15,10,5,10,13637,39146,8925,4712,27747,11399,1.89410017,2.43416089,0.58244073,0.59951962,0.54086797,0.55906139,0.54783252,0.58061969,-0.01122887,0.0215583,0.03278717,2,2,2,0.66323507,0.71577326,READY,[]
FXI,2026-07-20,2026-08-21,32,15,8,7,12,50598,162969,34600,15998,89861,73108,2.16277035,1.22915413,0.28743841,0.29822921,0.27417484,0.26600715,0.26600348,0.25643954,-3.67e-06,-0.00956761,-0.00956394,2,2,2,0.64072922,0.90215028,READY,[]
GDX,2026-07-20,2026-08-21,32,16,11,5,15,13291,106377,12050,1241,84425,21952,9.70991136,3.84589103,0.45707336,0.462245,0.4371838,0.43169624,0.4399259,0.45851167,0.00822966,0.02681543,0.01858577,4,2,5,0.72982882,0.79151305,READY,[]
GDX,2026-07-20,2026-09-18,60,18,14,4,15,9440,167279,7877,1563,63988,103291,5.03966731,0.6194925,0.44147086,0.46053317,0.42966191,0.43037108,0.430359,0.4460745,-1.208e-05,0.01570342,0.0157155,6,1,4,0.85154741,0.61048729,REVIEW,"[""open-interest concentration exceeds ready limit""]"
GLD,2026-07-20,2026-07-31,11,20,11,9,19,11743,27293,3268,8475,4331,22962,0.38560472,0.18861597,0.32410362,0.33792377,0.32149692,0.22764817,0.2473725,0.21580557,0.01972433,-0.0118426,-0.03156693,3,2,2,0.76722969,0.72451673,READY,[]
GLD,2026-07-20,2026-08-21,32,29,20,9,27,19547,119210,13124,6423,85151,34059,2.04328196,2.50010276,0.28818009,0.29098644,0.28116392,0.22720902,0.25085581,0.22274679,0.02364679,-0.00446223,-0.02810902,4,3,4,0.38538713,0.61293293,READY,[]
GLD,2026-07-20,2026-09-18,60,17,11,6,16,10664,100508,9634,1030,71174,29334,9.35339806,2.42633122,0.27530241,0.26926877,0.28994202,0.23008294,,0.22689189,,-0.00319105,,2,0,1,0.73447885,0.80992123,READY,[]
GLW,2026-07-20,2026-07-31,11,14,7,7,14,4412,6481,1919,2493,3533,2948,0.76975531,1.19843962,1.17562905,1.14282435,1.21494351,1.19575341,1.21988587,1.13645319,0.02413246,-0.05930022,-0.08343268,3,1,4,0.62582935,0.73028105,READY,[]
GLW,2026-07-20,2026-08-21,32,19,13,6,17,7939,45637,2457,5482,29872,15765,0.44819409,1.89483032,0.95527558,0.94257895,0.97933356,0.96247825,0.99315658,0.92946902,0.03067833,-0.03300923,-0.06368756,7,3,6,0.49337161,0.75538481,READY,[]
GOOG,2026-07-20,2026-07-31,11,19,13,6,18,7475,18976,6380,1095,15167,3809,5.82648402,3.98188501,0.49638017,0.49083848,0.51844651,0.48301957,0.51387764,0.48995641,0.03085807,0.00693684,-0.02392123,4,4,5,0.49499368,0.58220736,READY,[]
GOOG,2026-07-20,2026-08-21,32,34,18,16,26,16286,121846,12278,4008,81318,40528,3.06337325,2.00646467,0.39548945,0.38822474,0.41006584,0.39057125,0.39790428,0.37649778,0.00733303,-0.01407347,-0.0214065,7,4,5,0.39166653,0.56496377,READY,[]
GOOG,2026-07-20,2026-09-18,60,23,15,8,23,11377,102783,9699,1678,59109,43674,5.78009535,1.35341393,0.36647682,0.36378963,0.37011371,0.34958848,0.3648352,0.35153929,0.01524672,0.00195081,-0.01329591,4,4,5,0.57768308,0.72646568,READY,[]
GOOGL,2026-07-20,2026-07-27,7,12,11,1,12,6375,6898,6260,115,6761,137,54.43478261,49.35036496,0.53830171,0.53715671,0.59480777,0.52033946,,0.53776365,,0.01742419,,2,0,7,0.58495216,0.72094118,READY,[]
GOOGL,2026-07-20,2026-07-29,9,10,9,1,9,6144,6540,5623,521,6346,194,10.79270633,32.71134021,0.53179432,0.5301274,0.58632144,0.5001801,,0.53164175,,0.03146165,,1,0,7,0.80351682,0.77229818,REVIEW,"[""open-interest concentration exceeds ready limit""]"
GOOGL,2026-07-20,2026-07-31,11,30,19,11,22,17607,36759,12617,4990,27555,9204,2.52845691,2.99380704,0.49977359,0.48819713,0.53443125,0.5023056,0.52643363,0.48727165,0.02412803,-0.01503395,-0.03916198,8,3,7,0.41138225,0.51979326,READY,[]
GOOGL,2026-07-20,2026-08-07,18,15,12,3,15,2680,9862,2304,376,7436,2426,6.12765957,3.06512778,0.66364324,0.43733233,1.3573151,0.421552,,0.42866795,,0.00711595,,3,0,5,0.64023525,0.50708955,READY,[]
GOOGL,2026-07-20,2026-08-21,32,39,21,18,33,34528,233882,26771,7757,150811,83071,3.45120536,1.81544703,0.40210643,0.39012027,0.42386667,0.38216062,0.4061664,0.38256665,0.02400578,0.00040603,-0.02359975,6,6,6,0.39520784,0.57365037,READY,[]
GOOGL,2026-07-20,2026-09-18,60,29,17,12,26,10102,177337,6392,3710,133963,43374,1.72291105,3.08855536,0.37257032,0.36949655,0.38206385,0.35606661,0.37837002,0.35981093,0.02230341,0.00374432,-0.01855909,8,4,6,0.52469592,0.40764205,READY,[]
HOOD,2026-07-20,2026-07-31,11,32,23,9,28,12891,37457,11142,1749,30892,6565,6.37049743,4.70555979,0.95689088,0.95469185,0.96723854,0.94550155,0.93542995,0.93004036,-0.0100716,-0.01546119,-0.00538959,10,2,6,0.42208399,0.44069506,READY,[]
HOOD,2026-07-20,2026-08-14,25,12,6,6,11,2081,3872,1010,1071,2638,1234,0.94304388,2.13776337,0.81204929,0.80642473,0.82407326,0.83173332,0.83832754,0.80333655,0.00659422,-0.02839677,-0.03499099,5,1,2,0.71952479,0.5396444,READY,[]
HOOD,2026-07-20,2026-08-21,32,22,13,9,19,16099,125962,12166,3933,69510,56452,3.09331299,1.23131156,0.8181755,0.80740948,0.83143182,0.7906081,0.80998953,0.77609826,0.01938143,-0.01450984,-0.03389127,4,3,3,0.42001556,0.56835828,READY,[]
HOOD,2026-07-20,2026-09-18,60,17,12,5,15,8202,75215,6088,2114,56780,18435,2.87984863,3.08001085,0.75229788,0.75722527,0.73712145,0.73496789,0.75706991,0.73993853,0.02210202,0.00497064,-0.01713138,5,2,5,0.4584059,0.6169227,READY,[]
HYG,2026-07-20,2026-08-21,32,13,5,8,10,101125,1268600,19850,81275,295677,972923,0.24423254,0.30390586,0.0663076,0.03769543,0.075003,,0.06149728,0.0319734,,,-0.02952388,0,2,1,0.84087419,0.91529295,REVIEW,"[""ATM implied volatility unavailable""]"
IBIT,2026-07-20,2026-07-31,11,31,18,13,24,65771,255436,56474,9297,137698,117738,6.07443261,1.16952895,0.44521366,0.39284312,0.50646251,0.35675057,0.39230175,0.33931389,0.03555118,-0.01743668,-0.05298786,4,3,3,0.3838574,0.72901431,READY,[]
IBIT,2026-07-20,2026-08-07,18,24,13,11,21,21498,61214,10770,10728,49732,11482,1.00391499,4.33130117,0.40690731,0.34668308,0.66775658,0.35225696,0.39863806,0.33924256,0.0463811,-0.0130144,-0.0593955,5,4,4,0.55859771,0.66959717,READY,[]
IBIT,2026-07-20,2026-08-14,25,20,12,8,16,8421,33380,6219,2202,22693,10687,2.82425068,2.12342098,0.35935618,0.3466175,0.38640577,0.35536745,0.3907705,0.3366732,0.03540305,-0.01869425,-0.0540973,6,3,3,0.56893349,0.61679135,READY,[]
IBIT,2026-07-20,2026-08-21,32,34,23,11,30,39452,440880,27493,11959,299355,141525,2.29893804,2.11520933,0.42074789,0.41587731,0.43105017,0.36195064,0.40207521,0.34485722,0.04012457,-0.01709342,-0.05721799,3,3,3,0.41538741,0.56412856,READY,[]
IBIT,2026-07-20,2026-08-28,39,10,7,3,9,2390,6045,1630,760,5119,926,2.14473684,5.52807775,0.36849237,0.35742791,0.42965755,0.3589095,,0.34822809,,-0.01068141,,4,0,2,0.7751861,0.65523013,READY,[]
IBIT,2026-07-20,2026-08-31,42,14,10,4,13,4195,40277,2581,1614,26257,14020,1.59913259,1.87282454,0.40312866,0.39910466,0.4106649,0.35588569,0.39768991,0.34326307,0.04180422,-0.01262262,-0.05442684,2,2,2,0.64781389,0.6636472,READY,[]
IBIT,2026-07-20,2026-09-18,60,28,15,13,25,46301,450696,39132,7169,248717,201979,5.45850188,1.23140029,0.46029137,0.44165136,0.48324469,0.37191498,0.4114807,0.35545159,0.03956572,-0.01646339,-0.05602911,4,4,4,0.46952269,0.76348243,READY,[]
IBM,2026-07-20,2026-07-31,11,20,15,5,19,8816,13126,7460,1356,11010,2116,5.50147493,5.20321361,0.66475109,0.68297078,0.56995013,0.57411848,0.54415268,0.59108092,-0.0299658,0.01696244,0.04692824,3,2,3,0.56308091,0.60446915,READY,[]
IBM,2026-07-20,2026-08-07,18,15,14,1,15,7245,4658,7106,139,4512,146,51.12230216,30.90410959,0.84960659,0.86128471,0.48870481,0.48870481,,0.53058083,,0.04187602,,1,0,1,0.51180764,0.73319531,READY,[]
IBM,2026-07-20,2026-08-21,32,31,21,10,29,11824,70542,7467,4357,43624,26918,1.71379389,1.6206256,0.51706711,0.53088319,0.49467641,0.47233081,0.48809874,0.47385843,0.01576793,0.00152762,-0.01424031,5,3,4,0.3644779,0.40189445,READY,[]
IBM,2026-07-20,2026-09-18,60,12,7,5,10,3375,28378,1530,1845,15067,13311,0.82926829,1.13192097,0.46729098,0.47667046,0.45667415,0.45327229,0.45732051,0.46589564,0.00404822,0.01262335,0.00857513,5,3,2,0.68514342,0.62637037,READY,[]
IGV,2026-07-20,2026-08-21,32,14,8,6,11,30619,224718,4086,26533,63680,161038,0.15399691,0.39543462,0.37617588,0.35330349,0.38522041,0.34734253,,0.35288647,,0.00554394,,6,0,3,0.90109382,0.95359091,REVIEW,"[""open-interest concentration exceeds ready limit""]"
INTC,2026-07-20,2026-07-27,7,11,8,3,11,2969,5396,2307,662,3947,1449,3.48489426,2.72394755,1.30502186,1.27785812,1.37901446,1.27281957,1.40261583,1.29155627,0.12979626,0.0187367,-0.11105956,3,1,3,0.7375834,0.59986527,READY,[]
INTC,2026-07-20,2026-07-31,11,35,21,14,28,15359,89225,11380,3979,61026,28199,2.86001508,2.1641193,1.29443293,1.28342016,1.31826587,1.25867198,1.30916997,1.21229072,0.05049799,-0.04638126,-0.09687925,14,3,3,0.46878117,0.47958851,READY,[]
INTC,2026-07-20,2026-08-07,18,11,7,4,10,2798,11093,1894,904,4511,6582,2.09513274,0.685354,1.18267351,1.10745809,1.2342227,1.13283486,1.1892959,1.09762997,0.05646104,-0.03520489,-0.09166593,3,1,2,0.72874786,0.7119371,READY,[]
INTC,2026-07-20,2026-08-14,25,10,8,2,10,2218,7977,1979,239,4056,3921,8.28033473,1.03442999,1.08023919,1.06630226,1.09465596,1.02561016,1.09465596,1.04397372,0.0690458,0.01836356,-0.05068224,3,2,3,0.79491037,0.74346258,READY,[]
INTC,2026-07-20,2026-08-21,32,45,19,26,38,33958,409482,20712,13246,218758,190724,1.56364185,1.14698727,1.06824746,1.01857554,1.12522051,1.01730998,1.04330814,1.00284002,0.02599816,-0.01446996,-0.04046812,9,7,5,0.29777621,0.47658873,READY,[]
INTC,2026-07-20,2026-09-18,60,35,19,16,31,25163,403286,12942,12221,235069,168217,1.05899681,1.39741524,0.98999835,0.93296786,1.06969362,0.9271324,0.9481673,0.94215141,0.0210349,0.01501901,-0.00601589,6,6,6,0.4141453,0.68298693,READY,[]
IWM,2026-07-20,2026-07-27,7,21,9,12,19,11372,25065,6460,4912,5608,19457,1.31514658,0.28822532,0.20559501,0.15139531,0.22121674,0.18239309,0.2067711,0.15471051,0.02437801,-0.02768258,-0.05206059,5,3,3,0.63466986,0.4970102,READY,[]
IWM,2026-07-20,2026-07-28,8,16,9,7,14,4926,6396,1514,3412,3513,2883,0.44372802,1.21852237,0.17454243,0.14964544,0.20487997,0.17924853,0.20883799,0.16131123,0.02958946,-0.0179373,-0.04752676,4,2,2,0.67636023,0.66017052,READY,[]
IWM,2026-07-20,2026-07-29,9,13,6,7,12,4789,9480,2574,2215,5179,4301,1.16207675,1.20413857,0.20768223,0.16190133,0.26280877,0.18520378,0.23085465,0.17201281,0.04565087,-0.01319097,-0.05884184,2,1,2,0.76793249,0.735853,READY,[]
IWM,2026-07-20,2026-07-30,10,12,4,8,12,11031,19085,588,10443,1180,17905,0.05630566,0.06590338,0.22850093,0.18425581,0.23141684,0.18831309,0.22813404,0.17616367,0.03982095,-0.01214942,-0.05197037,1,5,1,0.80382499,0.83346931,REVIEW,"[""open-interest concentration exceeds ready limit""]"
IWM,2026-07-20,2026-07-31,11,50,23,27,41,94057,302194,9959,84098,23307,278887,0.11842137,0.08357148,0.22850305,0.17469928,0.23299952,0.21012173,0.23720885,0.17615671,0.02708712,-0.03396502,-0.06105214,11,9,6,0.7222976,0.56100024,READY,[]
IWM,2026-07-20,2026-08-07,18,26,12,14,24,6739,60456,2846,3893,27238,33218,0.73105574,0.81997712,0.21382314,0.17994856,0.24159953,0.19934617,0.23526649,0.17834919,0.03592032,-0.02099698,-0.0569173,10,3,4,0.60136297,0.46505416,READY,[]
IWM,2026-07-20,2026-08-14,25,19,11,8,19,9373,15341,2409,6964,12042,3299,0.34592188,3.65019703,0.18684248,0.1637861,0.2710028,0.19825541,0.25015071,0.17630596,0.0518953,-0.02194945,-0.07384475,3,1,4,0.77211394,0.78822149,READY,[]
IWM,2026-07-20,2026-08-21,32,55,26,29,50,134615,723951,20708,113907,149689,574262,0.18179743,0.26066325,0.22977423,0.17912408,0.24297687,0.19965342,0.23061509,0.17896781,0.03096167,-0.02068561,-0.05164728,13,12,8,0.40934953,0.68588939,READY,[]
IWM,2026-07-20,2026-09-18,60,25,9,16,23,46167,563185,5790,40377,150437,412748,0.14339847,0.36447663,0.25653123,0.18441943,0.2828143,0.20041196,0.24288038,0.17542112,0.04246842,-0.02499084,-0.06745926,8,4,3,0.43102888,0.7197782,READY,[]
JPM,2026-07-20,2026-07-31,11,13,8,5,11,2512,9116,1822,690,6093,3023,2.64057971,2.01554747,0.24992399,0.25020965,0.24934823,0.24755821,0.24706668,0.2463796,-0.00049153,-0.00117861,-0.00068708,3,2,3,0.68889864,0.59514331,READY,[]
JPM,2026-07-20,2026-08-21,32,16,8,8,14,4333,36816,2358,1975,21385,15431,1.19392405,1.38584667,0.2403697,0.23433858,0.24872791,0.24259365,0.23941153,0.23045323,-0.00318212,-0.01214042,-0.0089583,3,4,3,0.58232834,0.54350335,READY,[]
JPM,2026-07-20,2026-09-18,60,11,5,6,11,8762,22673,6246,2516,12984,9689,2.48251192,1.34007638,0.24644346,0.23934413,0.2559571,0.24846284,0.2455562,0.22936781,-0.00290664,-0.01909503,-0.01618839,2,2,1,0.74511534,0.84661036,READY,[]
KLAC,2026-07-20,2026-08-21,32,17,8,9,16,2737,17486,1079,1658,10397,7089,0.65078408,1.46663845,0.97030772,0.93450324,1.02281994,0.95185062,0.99345258,0.92889904,0.04160196,-0.02295158,-0.06455354,2,5,4,0.66864921,0.40299598,READY,[]
KLAC,2026-07-20,2026-09-18,60,19,4,15,19,5636,13188,577,5059,1975,11213,0.11405416,0.17613484,1.03576211,0.93253879,1.05394334,0.87287065,0.97789043,0.9088965,0.10501978,0.03602585,-0.06899393,3,1,1,0.65521686,0.57132718,READY,[]
KMI,2026-07-20,2026-09-18,60,10,8,2,8,2823,50705,1910,913,39467,11238,2.09200438,3.51192383,0.24974919,0.24607652,0.26264731,0.23447393,0.25528444,0.23028297,0.02081051,-0.00419096,-0.02500147,1,1,3,0.73617986,0.71590507,READY,[]
KRE,2026-07-20,2026-08-21,32,12,4,8,11,6894,251467,2943,3951,120720,130747,0.74487472,0.9233099,0.27370751,0.26281055,0.28376879,0.24721068,0.27716325,0.30554697,0.02995257,0.05833629,0.02838372,2,3,2,0.90138269,0.76385263,REVIEW,"[""open-interest concentration exceeds ready limit""]"
KRE,2026-07-20,2026-09-18,60,11,3,8,11,7369,39203,423,6946,20571,18632,0.06089836,1.10406827,0.27007524,0.2426798,0.30032167,0.2486628,0.29756948,,0.04890668,,,3,5,0,0.89564574,0.86592482,REVIEW,"[""open-interest concentration exceeds ready limit""]"
KWEB,2026-07-20,2026-08-21,32,12,8,4,11,13983,239620,6757,7226,175496,64124,0.93509549,2.73682241,0.38231494,0.39483596,0.34804713,0.35448661,0.34830815,0.38274303,-0.00617846,0.02825642,0.03443488,2,2,2,0.72710542,0.84681399,READY,[]
KWEB,2026-07-20,2026-09-18,60,19,12,7,17,14841,513319,13032,1809,392614,120705,7.2039801,3.25267387,0.37589799,0.38649546,0.34142788,0.37309115,0.33649979,0.37964914,-0.03659136,0.00655799,0.04314935,3,3,3,0.58003503,0.76820969,READY,[]
LLY,2026-07-20,2026-07-31,11,12,2,10,12,5044,4793,1339,3705,420,4373,0.36140351,0.09604391,0.97527732,0.37303085,1.03311942,,,,,,,0,0,0,0.65804298,0.73096749,REVIEW,"[""ATM implied volatility unavailable""]"
LQD,2026-07-20,2026-09-18,60,11,4,7,8,57536,183614,25263,32273,58382,125232,0.78279057,0.46619075,0.06882016,0.05603224,0.07478176,0.06490034,0.07083916,,0.00593882,,,2,1,0,0.83123291,0.80149819,REVIEW,"[""open-interest concentration exceeds ready limit""]"
LRCX,2026-07-20,2026-07-31,11,12,5,7,12,4438,23116,2025,2413,5845,17271,0.83920431,0.33842858,1.32636308,1.16633847,1.38051998,1.18877404,1.23340855,1.15421849,0.04463451,-0.03455555,-0.07919006,2,3,2,0.88536079,0.69761154,REVIEW,"[""open-interest concentration exceeds ready limit""]"
LRCX,2026-07-20,2026-08-21,32,23,13,10,23,16779,45049,11523,5256,24339,20710,2.1923516,1.17522936,1.00922157,0.98869321,1.03334709,0.99847958,1.02701763,0.95868057,0.02853805,-0.03979901,-0.06833706,3,3,4,0.62334347,0.64366172,READY,[]
LRCX,2026-07-20,2026-09-18,60,18,7,11,14,5092,43063,2079,3013,8042,35021,0.69000996,0.22963365,0.91709318,0.9240433,0.9154972,0.87125827,0.94192184,0.90272981,0.07066357,0.03147154,-0.03919203,6,2,1,0.7345517,0.60487038,READY,[]
LUV,2026-07-20,2026-09-18,60,10,6,4,9,7619,60717,5676,1943,42293,18424,2.92125579,2.29553843,0.46315867,0.45652977,0.47837556,0.45410139,,0.44933791,,-0.00476348,,3,0,2,0.84729153,0.8721617,REVIEW,"[""open-interest concentration exceeds ready limit""]"
META,2026-07-20,2026-07-27,7,16,9,7,14,4631,4775,3211,1420,2690,2085,2.26126761,1.29016787,0.44654231,0.46725559,0.41981869,0.43825955,0.39714172,0.46016581,-0.04111783,0.02190626,0.06302409,2,1,4,0.55958115,0.58000432,READY,[]
META,2026-07-20,2026-07-31,11,32,19,13,30,12796,57700,9973,2823,44403,13297,3.53276656,3.33932466,0.75125092,0.75815815,0.72818545,0.74131703,0.69762072,0.75021681,-0.04369631,0.00889978,0.05259609,10,4,4,0.50590988,0.43755861,READY,[]
META,2026-07-20,2026-08-21,32,33,21,12,31,20094,162511,15270,4824,121945,40566,3.16542289,3.00608884,0.56307374,0.56461363,0.5584447,0.54982412,0.52200417,0.55446228,-0.02781995,0.00463816,0.03245811,8,2,7,0.50574423,0.58042202,READY,[]
META,2026-07-20,2026-09-18,60,29,9,20,27,15570,112995,3751,11819,36178,76817,0.31737034,0.47096346,0.91102492,0.55600287,1.07822734,0.48177666,0.4710556,0.49969948,-0.01072106,0.01792282,0.02864388,5,4,2,0.4875614,0.48092486,READY,[]
MRVL,2026-07-20,2026-07-31,11,33,18,15,28,38119,45502,15997,22122,18798,26704,0.7231263,0.70393948,1.17884695,1.10404913,1.2315001,1.06876047,1.15633474,1.05851188,0.08757427,-0.01024859,-0.09782286,6,3,5,0.51065887,0.61119127,READY,[]
MRVL,2026-07-20,2026-08-21,32,44,24,20,38,71453,139453,55359,16094,84460,54993,3.43972909,1.53583183,1.01980675,1.01405887,1.02863453,0.98277187,1.00872192,0.98435378,0.02595005,0.00158191,-0.02436814,7,7,5,0.28773135,0.58911452,READY,[]
MRVL,2026-07-20,2026-09-18,60,26,17,9,22,30609,101154,24484,6125,70110,31044,3.99738776,2.25840742,1.0388604,1.01664279,1.08903682,1.00622307,1.02844213,1.00735812,0.02221906,0.00113505,-0.02108401,7,4,6,0.41992408,0.72370871,READY,[]
MSFT,2026-07-20,2026-07-27,7,19,15,4,18,9619,9290,8809,810,8726,564,10.87530864,15.47163121,0.39976988,0.40189956,0.36682026,0.39985171,0.36006442,0.3867081,-0.03978729,-0.01314361,0.02664368,3,1,3,0.55920344,0.61825554,READY,[]
MSFT,2026-07-20,2026-07-31,11,42,28,14,35,22936,81217,15304,7632,59504,21713,2.00524109,2.74047805,0.64896826,0.65989682,0.61901878,0.64870345,0.60999148,0.65326164,-0.03871197,0.00455819,0.04327016,11,5,6,0.3578438,0.40072375,READY,[]
MSFT,2026-07-20,2026-08-07,18,18,13,5,16,4451,16866,3609,842,13122,3744,4.28622328,3.50480769,0.55280121,0.55969386,0.52864381,0.55702282,0.5259349,0.55805601,-0.03108792,0.00103319,0.03212111,5,2,4,0.53308431,0.46865873,READY,[]
MSFT,2026-07-20,2026-08-14,25,17,11,6,14,3658,9670,2582,1076,6895,2775,2.39962825,2.48468468,0.49318877,0.50253286,0.46997165,0.4882663,0.47602264,0.50571522,-0.01224366,0.01744892,0.02969258,7,3,2,0.61768356,0.40787315,READY,[]
MSFT,2026-07-20,2026-08-21,32,52,26,26,47,51806,637525,36742,15064,517236,120289,2.43906001,4.2999443,0.48054164,0.48144167,0.47667156,0.46634718,0.45056216,0.47129254,-0.01578502,0.00494536,0.02073038,9,7,8,0.56334732,0.38094043,READY,[]
MSFT,2026-07-20,2026-09-18,60,28,17,11,24,9659,219132,5985,3674,137657,81475,1.6290147,1.68956122,0.40835847,0.41299808,0.40051955,0.40724158,0.39931747,0.41123901,-0.00792411,0.00399743,0.01192154,9,4,6,0.38813135,0.48379749,READY,[]
MSTR,2026-07-20,2026-07-31,11,45,26,19,43,22892,88097,10680,12212,16822,71275,0.87454962,0.23601543,1.47235691,0.92139074,1.60239343,0.8482802,0.94589888,0.88492791,0.09761868,0.03664771,-0.06097097,8,4,6,0.54713554,0.47571204,READY,[]
MSTR,2026-07-20,2026-08-07,18,15,7,8,14,6000,31107,1821,4179,8327,22780,0.43575018,0.36553995,1.28027628,0.86176506,1.43325885,0.84373701,0.92988807,0.86035661,0.08615106,0.0166196,-0.06953146,2,1,3,0.75330312,0.58333333,READY,[]
MSTR,2026-07-20,2026-08-14,25,14,4,10,14,4718,11027,668,4050,1716,9311,0.16493827,0.18429814,1.12559185,0.8750806,1.17176061,0.88390828,0.90491832,0.85535874,0.02101004,-0.02854954,-0.04955958,2,2,2,0.68604335,0.6860958,READY,[]
MSTR,2026-07-20,2026-08-21,32,38,23,15,36,19651,212344,11175,8476,128333,84011,1.3184285,1.52757377,0.9938158,0.90690125,1.1265842,0.84293848,0.90583857,0.83695663,0.06290009,-0.00598185,-0.06888194,3,3,4,0.48080002,0.297593,READY,[]
MSTR,2026-07-20,2026-09-18,60,32,22,10,30,11819,151876,8560,3259,91801,60075,2.62657257,1.52810653,0.99021908,0.9483841,1.05414739,0.84054651,0.88149587,0.82874362,0.04094936,-0.01180289,-0.05275225,3,2,5,0.50639337,0.50824943,READY,[]
MU,2026-07-20,2026-07-27,7,12,5,7,12,2728,2685,1141,1587,878,1807,0.7189666,0.48588821,1.12092807,0.98257071,1.18815427,1.06769884,1.19894264,0.96676649,0.1312438,-0.10093235,-0.23217615,3,3,2,0.65884544,0.60300587,READY,[]
MU,2026-07-20,2026-07-29,9,12,7,5,12,2753,1880,1797,956,1101,779,1.87970711,1.41335045,1.16403758,1.08659333,1.27349344,1.1182377,1.25522639,1.06949154,0.13698869,-0.04874616,-0.18573485,6,2,2,0.55851064,0.60479477,READY,[]
MU,2026-07-20,2026-07-31,11,112,42,70,106,57481,71037,14439,43042,24689,46348,0.33546304,0.53268749,1.46871413,1.16810914,1.62884265,1.22928854,1.34982039,1.12789697,0.12053185,-0.10139157,-0.22192342,19,18,17,0.20061376,0.37648962,READY,[]
MU,2026-07-20,2026-08-07,18,36,10,26,35,11368,16485,3042,8326,5690,10795,0.36536152,0.52709588,1.61383918,1.05881128,1.9063921,1.08524572,1.23573155,1.04586547,0.15048583,-0.03938025,-0.18986608,5,7,3,0.40139521,0.43226601,READY,[]
MU,2026-07-20,2026-08-14,25,22,6,16,22,6315,8572,1145,5170,1665,6907,0.22147002,0.24105979,1.35743434,1.02989618,1.43639062,1.11167525,1.13562939,,0.02395414,,,1,4,0,0.61759216,0.59366587,READY,[]
MU,2026-07-20,2026-08-21,32,88,32,56,82,30091,184025,11066,19025,64689,119336,0.58165572,0.54207448,1.25423058,1.00402373,1.38986132,1.02210131,1.10211784,0.98452307,0.08001653,-0.03757824,-0.11759477,14,12,8,0.20568944,0.23634974,READY,[]
MU,2026-07-20,2026-09-18,60,40,20,20,37,15581,88519,6901,8680,45885,42634,0.79504608,1.07625369,1.10190451,0.95162878,1.26363931,0.94222482,1.00058518,0.93650617,0.05836036,-0.00571865,-0.06407901,6,4,6,0.34386968,0.4567101,READY,[]
NBIS,2026-07-20,2026-07-31,11,44,24,20,37,62717,56119,15994,46723,12578,43541,0.34231535,0.28887715,2.04616523,1.49082784,2.20658951,1.77067787,2.13425347,1.48424086,0.3635756,-0.28643701,-0.65001261,8,6,9,0.51675903,0.58816589,READY,[]
NBIS,2026-07-20,2026-08-07,18,10,4,6,10,1692,4357,625,1067,1172,3185,0.58575445,0.36797488,2.02627518,1.54747418,2.20246192,1.95266374,2.02474078,1.53998494,0.07207704,-0.4126788,-0.48475584,1,4,3,0.76658251,0.65957447,READY,[]
NBIS,2026-07-20,2026-08-21,32,32,11,21,29,20797,94536,4791,16006,59579,34957,0.29932525,1.70435106,1.66200972,1.50547023,1.92880798,1.58356167,1.83572067,1.5129187,0.252159,-0.07064297,-0.32280197,5,10,4,0.55403233,0.71933452,READY,[]
NBIS,2026-07-20,2026-09-18,60,16,7,9,15,4464,32188,2804,1660,13506,18682,1.68915663,0.72294187,1.53635311,1.36905443,1.65730033,1.49301625,1.61008034,1.40487634,0.11706409,-0.08813991,-0.205204,3,4,3,0.60466634,0.67204301,READY,[]
NFLX,2026-07-20,2026-07-31,11,41,26,15,31,50332,115926,40246,10086,67510,48416,3.99028356,1.39437376,0.47548574,0.54332634,0.38089058,0.36741402,0.36821829,0.37542473,0.00080427,0.00801071,0.00720644,4,3,3,0.45403102,0.55789557,READY,[]
NFLX,2026-07-20,2026-08-07,18,28,19,9,24,17490,31668,13152,4338,18567,13101,3.03181189,1.41722006,0.41793684,0.45095029,0.37114951,0.35726963,0.35799792,0.37452978,0.00072829,0.01726015,0.01653186,6,3,4,0.54139826,0.51395083,READY,[]
NFLX,2026-07-20,2026-08-14,25,19,13,6,17,5414,10285,4306,1108,8673,1612,3.88628159,5.38027295,0.39098841,0.3979809,0.35336693,0.35218914,0.35838096,0.36870197,0.00619182,0.01651283,0.01032101,4,3,5,0.5627613,0.53897303,READY,[]
NFLX,2026-07-20,2026-08-21,32,59,41,18,49,50061,399805,30754,19307,303776,96029,1.59289377,3.16337773,0.48868624,0.52742466,0.36614195,0.35173774,0.35364213,0.36336813,0.00190439,0.01163039,0.009726,7,4,6,0.46032441,0.36071992,READY,[]
NFLX,2026-07-20,2026-08-28,39,17,11,6,16,4420,10358,2653,1767,6403,3955,1.50141483,1.61896334,0.39531053,0.3807122,0.4189447,0.35535807,0.35403057,0.36393496,-0.0013275,0.00857689,0.00990439,4,3,3,0.60957714,0.49276018,READY,[]
NFLX,2026-07-20,2026-09-18,60,49,31,18,40,35389,351270,18134,17255,290597,60673,1.05094176,4.78956043,0.46597982,0.4887896,0.356731,0.35216636,0.3627827,0.36732839,0.01061634,0.01516203,0.00454569,9,4,6,0.61012042,0.51431236,READY,[]
NKE,2026-07-20,2026-07-31,11,16,12,4,15,6075,14035,5469,606,11542,2493,9.02475248,4.62976334,0.40532574,0.41116749,0.37827985,0.38810715,0.36970568,0.38840601,-0.01840147,0.00029886,0.01870033,4,1,4,0.72262202,0.68148148,READY,[]
NKE,2026-07-20,2026-09-18,60,14,6,8,10,8684,123702,3681,5003,53765,69937,0.73575854,0.76876332,0.37740918,0.36979271,0.38326443,0.37083571,0.38462101,0.36714331,0.0137853,-0.0036924,-0.0174777,4,2,2,0.59951335,0.72443574,READY,[]
NOW,2026-07-20,2026-07-31,11,20,10,10,19,7213,20839,4530,2683,14805,6034,1.6884085,2.45359629,1.03116666,1.04326708,1.00147712,1.02767373,0.96258958,1.0140453,-0.06508415,-0.01362843,0.05145572,4,4,3,0.48279668,0.54401775,READY,[]
NOW,2026-07-20,2026-08-21,32,19,12,7,16,12272,162976,8784,3488,95171,67805,2.51834862,1.40359855,0.76703412,0.78477277,0.74213618,0.74799189,0.73679177,0.76630093,-0.01120012,0.01830904,0.02950916,3,2,4,0.4178468,0.44173729,READY,[]
NOW,2026-07-20,2026-09-18,60,16,11,5,15,3969,52423,3229,740,36181,16242,4.36351351,2.22761975,0.68514422,0.69397086,0.66548182,0.68007986,0.66373756,0.69510734,-0.0163423,0.01502748,0.03136978,4,2,4,0.53207562,0.54497354,READY,[]
NVDA,2026-07-20,2026-07-27,7,25,14,11,20,49275,64089,33230,16045,39896,24193,2.07105017,1.64907205,0.37312679,0.3755572,0.36911886,0.35837462,0.39812901,0.36156404,0.03975439,0.00318942,-0.03656497,4,3,3,0.64266879,0.55661086,READY,[]
NVDA,2026-07-20,2026-07-29,9,18,10,8,16,10027,8033,8107,1920,4999,3034,4.22239583,1.64765985,0.39300405,0.38286097,0.40971639,0.3920841,0.42569076,0.38181823,0.03360666,-0.01026587,-0.04387253,2,3,3,0.61035728,0.69243044,READY,[]
NVDA,2026-07-20,2026-07-31,11,55,25,30,44,159825,377020,124680,35145,209066,167954,3.54758856,1.24478131,0.51508164,0.42350938,0.62906908,0.40750498,0.442416,0.39532607,0.03491102,-0.01217891,-0.04708993,4,4,4,0.50962018,0.60505553,READY,[]
NVDA,2026-07-20,2026-08-07,18,32,15,17,26,33438,106216,21636,11802,54483,51733,1.8332486,1.05315756,0.44842172,0.40411582,0.49508282,0.40060417,0.43766025,0.38202243,0.03705608,-0.01858174,-0.05563782,4,3,2,0.38973413,0.57676895,READY,[]
NVDA,2026-07-20,2026-08-14,25,25,14,11,21,17129,53679,12670,4459,32485,21194,2.84144427,1.53274512,0.40691025,0.3881536,0.43565941,0.39676151,0.42239554,0.37721688,0.02563403,-0.01954463,-0.04517866,4,3,3,0.38206748,0.45694436,READY,[]
NVDA,2026-07-20,2026-08-21,32,49,28,21,40,131755,1000299,73484,58271,574794,425505,1.26107326,1.35085134,0.4414814,0.41300299,0.47995149,0.39215802,0.42415973,0.3782067,0.03200171,-0.01395132,-0.04595303,6,4,3,0.30206368,0.45290122,READY,[]
NVDA,2026-07-20,2026-08-28,39,23,13,10,20,18465,33141,15075,3390,25994,7147,4.44690265,3.63705051,0.44168326,0.43609454,0.46200973,0.4442286,0.47449937,0.42881518,0.03027077,-0.01541342,-0.04568419,6,4,4,0.51775746,0.54541024,READY,[]
NVDA,2026-07-20,2026-09-18,60,46,25,21,35,82454,1198729,58862,23592,732643,466086,2.4949983,1.57190518,0.45920678,0.44103623,0.48776916,0.42665018,0.45508455,0.40912441,0.02843437,-0.01752577,-0.04596014,8,4,5,0.29596014,0.49024911,READY,[]
ORCL,2026-07-20,2026-07-31,11,42,32,10,38,58885,142001,45981,12904,114908,27093,3.5633137,4.24124313,0.77149758,0.78488287,0.71472735,0.70580709,0.73752742,0.70790082,0.03172033,0.00209373,-0.0296266,4,3,9,0.56951712,0.72952365,READY,[]
ORCL,2026-07-20,2026-08-07,18,16,10,6,16,3882,9833,2068,1814,7764,2069,1.14002205,3.75253746,0.7214219,0.72566154,0.70551248,0.68023608,0.70001198,0.69456884,0.0197759,0.01433276,-0.00544314,2,1,2,0.65107292,0.50618238,READY,[]
ORCL,2026-07-20,2026-08-14,25,18,10,8,16,5327,22681,2973,2354,14455,8226,1.26295667,1.75723316,0.69671019,0.70506297,0.6820324,0.67891521,0.68305807,0.6845796,0.00414286,0.00566439,0.00152153,4,3,2,0.82602178,0.5691759,REVIEW,"[""open-interest concentration exceeds ready limit""]"
ORCL,2026-07-20,2026-08-21,32,39,25,14,33,34959,228315,24009,10950,164672,63643,2.19260274,2.58743302,0.77379791,0.80322515,0.69765687,0.66874717,0.68112204,0.67574262,0.01237487,0.00699545,-0.00537942,6,3,4,0.33302236,0.35332818,READY,[]
ORCL,2026-07-20,2026-08-28,39,10,4,6,10,2541,7088,1491,1050,4196,2892,1.42,1.45089903,0.70037539,0.7198197,0.67216366,0.66396073,0.68041647,0.68613824,0.01645574,0.02217751,0.00572177,2,3,2,0.87443567,0.71782763,REVIEW,"[""open-interest concentration exceeds ready limit""]"
ORCL,2026-07-20,2026-09-18,60,36,23,13,29,35247,215088,26947,8300,137990,77098,3.24662651,1.78979999,0.77148061,0.7971744,0.72549387,0.72536174,0.73743291,0.74387888,0.01207117,0.01851714,0.00644597,8,4,7,0.33635535,0.3983034,READY,[]
PDD,2026-07-20,2026-08-21,32,11,5,6,9,5399,62154,3514,1885,32111,30043,1.86419098,1.06883467,0.39228439,0.36359082,0.42295308,0.40588383,0.41876472,0.36628141,0.01288089,-0.03960242,-0.05248331,2,1,1,0.65036844,0.84515651,READY,[]
PDD,2026-07-20,2026-09-18,60,10,4,6,8,5731,55419,1075,4656,37413,18006,0.23088488,2.0778074,0.4576525,0.45655314,0.45993675,0.42840424,,0.41352452,,-0.01487972,,3,0,1,0.86735596,0.82324202,REVIEW,"[""open-interest concentration exceeds ready limit""]"
PEP,2026-07-20,2026-09-18,60,11,6,5,9,3309,129488,2147,1162,109555,19933,1.84767642,5.49616214,0.26612213,0.26895247,0.25056611,0.24716483,0.25337444,0.2484247,0.00620961,0.00125987,-0.00494974,2,2,2,0.87246695,0.74040496,REVIEW,"[""open-interest concentration exceeds ready limit""]"
PFE,2026-07-20,2026-07-31,11,11,7,4,8,10925,63797,7919,3006,23684,40113,2.63439787,0.59043203,0.25501581,0.18369877,0.29712368,0.35259324,0.29073459,0.18103789,-0.06185865,-0.17155535,-0.1096967,2,1,1,0.88295688,0.82004577,REVIEW,"[""open-interest concentration exceeds ready limit""]"
PFE,2026-07-20,2026-08-21,32,10,7,3,8,16072,244841,6874,9198,121080,123761,0.74733638,0.97833728,0.24588914,0.21668052,0.27446502,0.24646391,0.26952843,0.21647419,0.02306452,-0.02998972,-0.05305424,2,1,1,0.83730666,0.91139871,REVIEW,"[""open-interest concentration exceeds ready limit""]"
PFE,2026-07-20,2026-09-18,60,12,7,5,11,25773,299296,3426,22347,222650,76646,0.15330917,2.9049135,0.23420481,0.22793475,0.25241882,0.21192068,0.24345399,0.21526544,0.03153331,0.00334476,-0.02818855,1,1,2,0.64636013,0.90994452,READY,[]
PLTR,2026-07-20,2026-07-31,11,55,29,26,45,41956,81280,26002,15954,56049,25231,1.62981071,2.22143395,0.65505797,0.61612714,0.74154024,0.60345229,0.5820763,0.586307,-0.02137599,-0.01714529,0.0042307,12,8,8,0.4461122,0.4096196,READY,[]
PLTR,2026-07-20,2026-08-07,18,32,19,13,29,10474,34504,7317,3157,24283,10221,2.31770668,2.37579493,0.78205803,0.77472522,0.79947928,0.78373784,0.77331988,0.76286971,-0.01041796,-0.02086813,-0.01045017,7,3,3,0.44690471,0.42428871,READY,[]
PLTR,2026-07-20,2026-08-21,32,27,15,12,24,24311,236963,11365,12946,140472,96491,0.87787734,1.45580417,0.70071284,0.68779526,0.71951831,0.68166099,0.67954153,0.67043039,-0.00211946,-0.0112306,-0.00911114,3,3,4,0.3274393,0.52490642,READY,[]
PLTR,2026-07-20,2026-09-18,60,23,15,8,19,15210,261507,10977,4233,175408,86099,2.59319631,2.03728266,0.62738204,0.63037022,0.62129428,0.61718223,0.61648214,0.60862855,-0.00070009,-0.00855368,-0.00785359,5,2,6,0.46996065,0.52715319,READY,[]
PYPL,2026-07-20,2026-07-31,11,15,10,5,13,4457,25432,3653,804,18293,7139,4.54353234,2.5624037,0.5911993,0.61112875,0.54013198,0.56644973,0.5340652,0.50742345,-0.03238453,-0.05902628,-0.02664175,1,3,2,0.72805914,0.6737716,READY,[]
PYPL,2026-07-20,2026-08-21,32,10,7,3,8,4519,28822,3961,558,22560,6262,7.09856631,3.60268285,0.40345877,0.39948314,0.4177817,0.38581901,,0.37464835,,-0.01117066,,1,0,2,0.80983277,0.80194733,REVIEW,"[""open-interest concentration exceeds ready limit""]"
PYPL,2026-07-20,2026-09-18,60,14,8,6,10,26620,73868,2636,23984,47258,26610,0.1099066,1.77594889,0.39896988,0.36256795,0.46361785,0.35835282,0.39097955,0.33895571,0.03262673,-0.01939711,-0.05202384,2,1,2,0.54443061,0.92761082,READY,[]
QCOM,2026-07-20,2026-07-31,11,18,14,4,17,5515,14913,4914,601,12411,2502,8.17637271,4.96043165,0.94959802,0.95062882,0.94448483,0.92377773,0.94461082,0.89969701,0.02083309,-0.02408072,-0.04491381,2,3,7,0.57245356,0.64514959,READY,[]
QCOM,2026-07-20,2026-08-21,32,22,13,9,18,30320,57167,18290,12030,34963,22204,1.52036575,1.57462619,0.75482394,0.76007518,0.7465552,0.74119758,0.74181153,0.74982142,0.00061395,0.00862384,0.00800989,6,3,4,0.43978169,0.85105541,READY,[]
QCOM,2026-07-20,2026-09-18,60,11,4,7,11,3586,28236,814,2772,14203,14033,0.29365079,1.0121143,0.69619216,0.6887437,0.70373086,0.69985348,0.70177804,0.67611837,0.00192456,-0.02373511,-0.02565967,1,4,2,0.76267885,0.73396542,READY,[]
QQQ,2026-07-20,2026-07-27,7,64,35,29,51,40198,41941,17985,22213,14671,27270,0.80966101,0.53799047,0.26229799,0.21074539,0.2900328,0.25185991,0.28730258,0.21897342,0.03544267,-0.03288649,-0.06832916,16,4,10,0.4307718,0.27459078,READY,[]
QQQ,2026-07-20,2026-07-28,8,33,14,19,28,18526,8961,7003,11523,3471,5490,0.60774104,0.63224044,0.27283793,0.22829176,0.30100183,0.26026796,0.30595729,0.2240736,0.04568933,-0.03619436,-0.08188369,9,4,2,0.34895659,0.45314693,READY,[]
QQQ,2026-07-20,2026-07-29,9,15,11,4,14,3966,6778,3444,522,3707,3071,6.59770115,1.20709866,0.25322514,0.2331286,0.27748365,0.27348828,0.30125751,0.23830235,0.02776923,-0.03518593,-0.06295516,4,1,3,0.64738861,0.62153303,READY,[]
QQQ,2026-07-20,2026-07-30,10,22,10,12,20,5033,7618,2449,2584,4172,3446,0.94775542,1.21067905,0.27107955,0.24138874,0.30702558,0.27960891,0.32268009,0.24656665,0.04307118,-0.03304226,-0.07611344,4,6,3,0.44263586,0.42479634,READY,[]
QQQ,2026-07-20,2026-07-31,11,127,63,64,110,184363,710714,48430,135933,305318,405396,0.35627846,0.75313521,0.28740484,0.23190178,0.32920616,0.28675626,0.32881718,0.24699504,0.04206092,-0.03976122,-0.08182214,26,19,16,0.31973621,0.42461882,READY,[]
QQQ,2026-07-20,2026-08-07,18,59,32,27,53,73127,224197,10069,63058,29952,194245,0.15967839,0.15419702,0.29606007,0.23801448,0.30501053,0.27448493,0.32343622,0.23636686,0.04895129,-0.03811807,-0.08706936,16,7,9,0.69936261,0.77997183,READY,[]
QQQ,2026-07-20,2026-08-14,25,38,14,24,37,18050,66769,11063,6987,39169,27600,1.58336911,1.41916667,0.26771424,0.22686646,0.32568404,0.26181065,0.30513233,0.22210382,0.04332168,-0.03970683,-0.08302851,9,7,4,0.53512858,0.57124654,READY,[]
QQQ,2026-07-20,2026-08-21,32,83,33,50,73,96014,865614,34990,61024,288280,577334,0.57338096,0.49932968,0.27844955,0.23082098,0.3022319,0.25251073,0.29969115,0.22039002,0.04718042,-0.03212071,-0.07930113,16,11,11,0.28662198,0.32932697,READY,[]
QQQ,2026-07-20,2026-08-28,39,21,12,9,20,6204,9759,4371,1833,5874,3885,2.38461538,1.51196911,0.26996413,0.26268813,0.28096522,0.24864029,0.29797406,0.22819237,0.04933377,-0.02044792,-0.06978169,8,3,3,0.56030331,0.64410058,READY,[]
QQQ,2026-07-20,2026-08-31,42,43,21,22,39,15511,62724,7832,7679,17220,45504,1.01992447,0.37842827,0.26991894,0.22369742,0.28741047,0.24377619,0.29311558,0.21448301,0.04933939,-0.02929318,-0.07863257,12,7,7,0.51842995,0.4293727,READY,[]
QQQ,2026-07-20,2026-09-18,60,65,32,33,58,55902,859224,32004,23898,302604,556620,1.33919156,0.54364558,0.27542943,0.22353952,0.30363915,0.24706243,0.29338542,0.22047665,0.04632299,-0.02658578,-0.07290877,11,10,6,0.28270509,0.43955494,READY,[]
RKLB,2026-07-20,2026-07-31,11,18,15,3,18,7457,16728,6756,701,9492,7236,9.63766049,1.31177446,1.0636343,1.06586549,1.06070748,0.9882659,1.02260994,1.00263789,0.03434404,0.01437199,-0.01997205,2,1,4,0.63438546,0.68164141,READY,[]
RKLB,2026-07-20,2026-08-07,18,10,8,2,10,1541,4184,1312,229,2911,1273,5.72925764,2.28672427,1.12243891,1.1292856,1.1067824,1.15635557,0.99115493,1.07900595,-0.16520064,-0.07734962,0.08785102,1,1,3,0.70100382,0.6164828,READY,[]
RKLB,2026-07-20,2026-08-21,32,20,12,8,17,8799,58680,4629,4170,43794,14886,1.11007194,2.94195889,1.07890267,1.08328782,1.06600176,1.03538547,1.04367086,1.02276365,0.00828539,-0.01262182,-0.02090721,3,2,4,0.58476483,0.50380725,READY,[]
RKLB,2026-07-20,2026-09-18,60,15,11,4,13,3181,18687,2596,585,14324,4363,4.43760684,3.28306211,1.0032246,1.00601926,0.99404953,0.98342862,1.00354709,0.99234133,0.02011847,0.00891271,-0.01120576,5,2,4,0.57232301,0.57497642,READY,[]
SLV,2026-07-20,2026-07-31,11,30,17,13,24,35990,44523,22511,13479,22147,22376,1.67007938,0.98976582,0.53672022,0.54329926,0.53020851,0.45564098,0.49374964,0.45092312,0.03810866,-0.00471786,-0.04282652,6,2,4,0.56420277,0.84256738,READY,[]
SLV,2026-07-20,2026-08-07,18,15,12,3,13,3397,12191,3005,392,11371,820,7.66581633,13.86707317,0.50652264,0.5099807,0.45856949,0.44777638,0.46927732,0.4414977,0.02150094,-0.00627868,-0.02777962,4,1,3,0.84086621,0.55313512,REVIEW,"[""open-interest concentration exceeds ready limit""]"
SLV,2026-07-20,2026-08-21,32,36,27,9,29,19917,365070,16895,3022,289309,75761,5.59066843,3.81870619,0.57781634,0.60815164,0.46197472,0.44121514,0.47968989,0.43664094,0.03847475,-0.0045742,-0.04304895,8,2,5,0.48430712,0.57694432,READY,[]
SLV,2026-07-20,2026-09-18,60,38,24,14,33,28980,549030,13262,15718,412258,136772,0.84374602,3.01419881,0.59913224,0.6420475,0.4697771,0.44304855,0.46234853,0.44308873,0.01929998,4.018e-05,-0.0192598,7,4,2,0.46781414,0.60151829,READY,[]
SMCI,2026-07-20,2026-07-31,11,26,15,11,21,6930,24470,4797,2133,16035,8435,2.24894515,1.90100771,0.97146706,0.97251722,0.96947069,0.94567647,0.94024273,0.90781203,-0.00543374,-0.03786444,-0.0324307,6,2,5,0.52276257,0.37287157,READY,[]
SMCI,2026-07-20,2026-08-07,18,18,13,5,14,5651,13676,4829,822,11033,2643,5.87469586,4.174423,1.14424433,1.14130354,1.1565204,1.11631927,1.15680608,1.11044913,0.04048681,-0.00587014,-0.04635695,5,1,5,0.57421761,0.57954344,READY,[]
SMCI,2026-07-20,2026-08-21,32,26,20,6,23,7947,194345,6146,1801,178208,16137,3.41254858,11.04344054,1.11382956,1.11840515,1.06329934,1.04784876,1.05380531,1.07470095,0.00595655,0.02685219,0.02089564,6,2,7,0.55949471,0.42242356,READY,[]
SMCI,2026-07-20,2026-09-18,60,22,15,7,20,7642,93471,5529,2113,70074,23397,2.61665878,2.99499936,1.05258474,1.07776938,0.97715678,0.96176926,0.99845357,0.97541938,0.03668431,0.01365012,-0.02303419,6,4,4,0.55643997,0.44765768,READY,[]
SMH,2026-07-20,2026-07-31,11,35,13,22,33,126999,249060,9147,117852,12193,236867,0.0776143,0.05147614,0.74430036,0.66403567,0.74843208,0.66047181,0.75568501,0.59176871,0.0952132,-0.0687031,-0.1639163,9,9,2,0.83126957,0.92469232,REVIEW,"[""open-interest concentration exceeds ready limit""]"
SMH,2026-07-20,2026-08-07,18,11,5,6,11,3698,2926,1996,1702,1722,1204,1.17273796,1.43023256,0.66870504,0.65255956,0.69179683,0.61034883,0.67716836,0.57190144,0.06681953,-0.03844739,-0.10526692,2,2,1,0.67156528,0.72742023,READY,[]
SMH,2026-07-20,2026-08-21,32,37,13,24,33,19616,173550,6075,13541,31638,141912,0.44863747,0.22294098,0.65627405,0.54664603,0.68071463,0.5944806,0.64384179,0.54380705,0.04936119,-0.05067355,-0.10003474,10,7,5,0.51972342,0.55393556,READY,[]
SMH,2026-07-20,2026-09-18,60,13,5,8,13,8421,54725,2922,5499,11461,43264,0.53136934,0.26490847,0.6054447,0.52534891,0.62666276,0.55680915,0.61962599,0.51937847,0.06281684,-0.03743068,-0.10024752,3,3,2,0.80338054,0.68234176,REVIEW,"[""open-interest concentration exceeds ready limit""]"
SNDK,2026-07-20,2026-07-31,11,40,18,22,38,19294,21517,5775,13519,7387,14130,0.42717657,0.52278839,1.93991288,1.57475089,2.13081533,1.79850104,2.09851306,1.57744944,0.30001202,-0.2210516,-0.52106362,8,8,3,0.42612818,0.40235306,READY,[]
SNDK,2026-07-20,2026-08-21,32,40,19,21,38,14103,26392,5986,8117,11016,15376,0.73746458,0.71644121,1.6981035,1.45271431,1.87391042,1.55547761,1.70588654,1.45041859,0.15040893,-0.10505902,-0.25546795,8,4,5,0.45089421,0.4480607,READY,[]
SOXX,2026-07-20,2026-08-21,32,12,7,5,12,6625,15274,4852,1773,10196,5078,2.73660462,2.00787712,0.66639735,0.64121691,0.71695659,0.67268551,0.6917371,0.63706574,0.01905159,-0.03561977,-0.05467136,1,1,4,0.91010868,0.80573585,REVIEW,"[""open-interest concentration exceeds ready limit""]"
SPY,2026-07-20,2026-07-27,7,88,38,50,75,124838,47533,66961,57877,20474,27059,1.15695354,0.75664289,0.17590031,0.14650879,0.1981392,0.13842736,0.16454437,0.11919898,0.02611701,-0.01922838,-0.04534539,11,12,7,0.21338859,0.21399734,READY,[]
SPY,2026-07-20,2026-07-28,8,69,30,39,61,80000,34157,22293,57707,14465,19692,0.38631362,0.73456226,0.31805914,0.15615301,0.43698927,0.13981569,0.16965874,0.12220284,0.02984305,-0.01761285,-0.0474559,11,11,8,0.3669526,0.5681,READY,[]
SPY,2026-07-20,2026-07-29,9,50,20,30,46,23374,15411,9459,13915,6684,8727,0.67977003,0.76589893,0.22725671,0.19175027,0.25445105,0.14558613,0.17217938,0.1272367,0.02659325,-0.01834943,-0.04494268,10,9,7,0.29524366,0.28882519,READY,[]
SPY,2026-07-20,2026-07-30,10,46,17,29,43,17614,15985,6293,11321,7229,8756,0.55586962,0.8256053,0.26539879,0.20847631,0.3123943,0.15349118,0.18598367,0.13235241,0.03249249,-0.02113877,-0.05363126,8,10,4,0.32830779,0.36391507,READY,[]
SPY,2026-07-20,2026-07-31,11,162,61,101,143,241210,1447491,72238,168972,281666,1165825,0.42751462,0.2416023,0.38970431,0.18747526,0.43856332,0.15890853,0.19075379,0.13613867,0.03184526,-0.02276986,-0.05461512,18,18,9,0.42883721,0.31277725,READY,[]
SPY,2026-07-20,2026-08-07,18,116,50,66,103,103910,260232,29021,74889,62069,198163,0.3875202,0.31322194,0.17447609,0.14692081,0.18310701,0.15270338,0.19262199,0.1303279,0.03991861,-0.02237548,-0.06229409,20,22,10,0.39962034,0.3319796,READY,[]
SPY,2026-07-20,2026-08-14,25,114,54,60,105,57768,96313,30167,27601,46792,49521,1.09296765,0.94489207,0.16749125,0.13784733,0.19550155,0.15084029,0.18888373,0.12998062,0.03804344,-0.02085967,-0.05890311,22,19,13,0.17953963,0.14502839,READY,[]
SPY,2026-07-20,2026-08-21,32,207,89,118,183,328068,1977793,90361,237707,474347,1503446,0.38013605,0.31550651,0.27787505,0.16069836,0.31484506,0.14574296,0.18720574,0.12749335,0.04146278,-0.01824961,-0.05971239,29,32,16,0.30871128,0.26146409,READY,[]
SPY,2026-07-20,2026-08-28,39,37,17,20,33,11688,15063,5300,6388,6958,8105,0.82968065,0.85848242,0.19910811,0.16050641,0.232247,0.15033499,0.19863158,0.13630399,0.04829659,-0.014031,-0.06232759,14,4,1,0.37542322,0.29757016,READY,[]
SPY,2026-07-20,2026-08-31,42,75,35,40,62,46886,254157,19153,27733,86755,167402,0.69062128,0.51824351,0.18776377,0.13726636,0.21393373,0.14823633,0.18421134,0.1274346,0.03597501,-0.02080173,-0.05677674,27,9,5,0.42509551,0.43311436,READY,[]
SPY,2026-07-20,2026-09-18,60,132,60,72,114,109853,1548653,36948,72905,321194,1227459,0.50679652,0.26167391,0.26612999,0.14914467,0.296742,0.15212301,0.18975109,0.13008886,0.03762808,-0.02203415,-0.05966223,27,17,8,0.37431691,0.3091586,READY,[]
SQQQ,2026-07-20,2026-07-31,11,14,12,2,13,6996,21839,6642,354,20288,1551,18.76271186,13.08059317,0.96104876,0.97580062,0.76808576,0.87902531,0.76808576,1.02319142,-0.11093955,0.14416611,0.25510566,3,2,4,0.80695087,0.76886792,REVIEW,"[""open-interest concentration exceeds ready limit""]"
SQQQ,2026-07-20,2026-09-18,60,10,4,6,10,1617,7697,558,1059,6616,1081,0.52691218,6.12025902,0.82637451,0.77093287,1.16569172,0.7988917,,,,,,3,0,0,0.90632714,0.6524428,REVIEW,"[""open-interest concentration exceeds ready limit""]"
TLT,2026-07-20,2026-07-27,7,12,6,6,10,7804,16085,5108,2696,10546,5539,1.89465875,1.90395378,0.10083189,0.10210506,0.09840783,0.0846792,0.09165811,0.09027214,0.00697891,0.00559294,-0.00138597,2,2,2,0.83195524,0.83047155,REVIEW,"[""open-interest concentration exceeds ready limit""]"
TLT,2026-07-20,2026-07-29,9,16,9,7,13,46264,18423,42966,3298,7771,10652,13.02789569,0.72953436,0.12455478,0.13296863,0.11841659,0.0963513,,0.09657856,,0.00022726,,2,0,2,0.82120176,0.90074356,REVIEW,"[""open-interest concentration exceeds ready limit""]"
TLT,2026-07-20,2026-07-31,11,33,17,16,24,55475,210218,44181,11294,127045,83173,3.91190012,1.52747887,0.1190031,0.12865648,0.10425776,0.09479696,0.10091199,0.10286916,0.00611503,0.0080722,0.00195717,2,2,2,0.51297225,0.64977017,READY,[]
TLT,2026-07-20,2026-08-07,18,17,9,8,13,12029,58219,7787,4242,33444,24775,1.83569071,1.34990918,0.11314688,0.10884363,0.11895589,0.10695496,0.10826389,0.09372704,0.00130893,-0.01322792,-0.01453685,2,1,2,0.71914667,0.72765816,READY,[]
TLT,2026-07-20,2026-08-14,25,19,12,7,17,5763,31471,4147,1616,21895,9576,2.56621287,2.28644528,0.10705444,0.10513063,0.11145312,0.0986312,0.10424146,0.09327035,0.00561026,-0.00536085,-0.01097111,3,2,2,0.77201233,0.49574874,READY,[]
TLT,2026-07-20,2026-08-21,32,21,12,9,15,60776,478017,47321,13455,263696,214321,3.51698253,1.23037873,0.10416814,0.10436123,0.10393056,0.09859214,0.10276176,0.09569952,0.00416962,-0.00289262,-0.00706224,2,1,2,0.57711337,0.81933658,READY,[]
TLT,2026-07-20,2026-08-28,39,16,8,8,15,2971,23039,1420,1551,12400,10639,0.91553836,1.16552308,0.10248167,0.10415902,0.10052669,0.09991238,0.09974795,0.09918761,-0.00016443,-0.00072477,-0.00056034,1,3,2,0.74595252,0.56512959,READY,[]
TLT,2026-07-20,2026-09-18,60,33,20,13,25,44689,625830,34902,9787,341356,284474,3.56615919,1.199955,0.11701911,0.1232684,0.10952025,0.1009134,0.10288495,0.0985089,0.00197155,-0.0024045,-0.00437605,2,2,2,0.43174824,0.61404372,READY,[]
TQQQ,2026-07-20,2026-07-31,11,49,26,23,35,26168,106594,15819,10349,39997,66597,1.52855348,0.60058261,0.89224509,0.71578953,0.99822122,0.82277153,0.9894625,0.72062591,0.16669097,-0.10214562,-0.26883659,9,6,6,0.38856784,0.37572608,READY,[]
TQQQ,2026-07-20,2026-08-07,18,19,9,10,17,8312,34018,5516,2796,7913,26105,1.97281831,0.30312201,0.88399911,0.69338214,0.94177931,0.74097828,0.90264401,0.69820396,0.16166573,-0.04277432,-0.20444005,3,2,4,0.71641484,0.58686237,READY,[]
TQQQ,2026-07-20,2026-08-14,25,12,6,6,11,4380,16170,2411,1969,8604,7566,1.22447943,1.1371927,0.89276428,0.78714521,1.01287352,,0.88030137,0.64020345,,,-0.24009792,0,3,1,0.75856524,0.75456621,REVIEW,"[""ATM implied volatility unavailable""]"
TQQQ,2026-07-20,2026-08-21,32,23,15,8,18,13404,59699,5620,7784,23856,35843,0.72199383,0.66556929,0.82531708,0.67236606,0.92711659,0.71598298,0.89300931,0.64376556,0.17702633,-0.07221742,-0.24924375,4,2,6,0.52791504,0.51507013,READY,[]
TQQQ,2026-07-20,2026-09-18,60,23,10,13,22,8644,90488,5555,3089,64498,25990,1.79831661,2.48164679,0.70493881,0.63150648,0.88717191,0.70109613,0.84452351,0.6382527,0.14342738,-0.06284343,-0.20627081,4,6,2,0.67338211,0.51295696,READY,[]
TSLA,2026-07-20,2026-07-27,7,42,24,18,34,23739,14252,16591,7148,8667,5585,2.32106883,1.55183527,0.7416487,0.77481246,0.69018399,0.65265294,0.65877859,0.64057404,0.00612565,-0.0120789,-0.01820455,6,3,10,0.32023576,0.34491765,READY,[]
TSLA,2026-07-20,2026-07-29,9,11,6,5,10,3758,6481,1888,1870,3289,3192,1.00962567,1.03038847,0.74834993,0.77777564,0.71803002,0.63947524,,0.62193753,,-0.01753771,,3,0,1,0.83953094,0.72911123,REVIEW,"[""open-interest concentration exceeds ready limit""]"
TSLA,2026-07-20,2026-07-31,11,66,36,30,54,46466,78523,31110,15356,46079,32444,2.02591821,1.42026261,0.73278573,0.64413797,0.85868882,0.60860197,0.61554468,0.60022936,0.00694271,-0.00837261,-0.01531532,11,5,11,0.2223425,0.32593724,READY,[]
TSLA,2026-07-20,2026-08-07,18,42,24,18,37,16396,35409,11148,5248,25668,9741,2.1242378,2.63504774,0.5953243,0.56214231,0.68276042,0.54364059,0.55228212,0.53913653,0.00864153,-0.00450406,-0.01314559,7,4,6,0.38625773,0.38491095,READY,[]
TSLA,2026-07-20,2026-08-14,25,28,17,11,25,9050,13648,6166,2884,9074,4574,2.13800277,1.9838216,0.52770814,0.52893089,0.5252824,0.51031414,0.52169572,0.50788096,0.01138158,-0.00243318,-0.01381476,5,2,8,0.37690504,0.38685083,READY,[]
TSLA,2026-07-20,2026-08-21,32,71,36,35,59,47325,269031,32307,15018,161272,107759,2.15121854,1.49659889,0.56050119,0.57546619,0.53810458,0.4949075,0.50772683,0.49179377,0.01281933,-0.00311373,-0.01593306,9,6,8,0.25943479,0.30081352,READY,[]
TSLA,2026-07-20,2026-08-28,39,24,15,9,24,7429,5087,3800,3629,3586,1501,1.04712042,2.38907395,0.50095027,0.4958379,0.51316409,0.48307525,0.50044162,0.48917612,0.01736637,0.00610087,-0.0112655,4,4,7,0.4126204,0.60936869,READY,[]
TSLA,2026-07-20,2026-09-18,60,62,36,26,52,49449,307285,28987,20462,163733,143552,1.41662594,1.1405832,0.55355335,0.5691284,0.53578872,0.46552028,0.47896762,0.47091604,0.01344734,0.00539576,-0.00805158,12,7,10,0.32338708,0.40308196,READY,[]
TTD,2026-07-20,2026-07-31,11,10,4,6,10,23645,6476,1382,22263,3254,3222,0.06207609,1.00993172,0.64964172,0.61447645,0.68515623,0.68930743,0.67407391,0.6169725,-0.01523352,-0.07233493,-0.05710141,2,3,3,0.74891909,0.95280186,READY,[]
UBER,2026-07-20,2026-07-31,11,15,9,6,14,7234,19462,5810,1424,11427,8035,4.08005618,1.42215308,0.41991254,0.42052128,0.41904681,0.41470946,0.41847507,0.41843004,0.00376561,0.00372058,-4.503e-05,3,3,4,0.6617511,0.69532762,READY,[]
UBER,2026-07-20,2026-08-21,32,16,10,6,13,10762,96032,8458,2304,63207,32825,3.67100694,1.92557502,0.47395124,0.47238821,0.47696099,0.46523943,0.48104138,0.46673702,0.01580195,0.00149759,-0.01430436,3,2,3,0.65402158,0.72347147,READY,[]
UBER,2026-07-20,2026-09-18,60,17,8,9,12,18386,88524,8169,10217,33412,55112,0.79954977,0.60625635,0.42565875,0.42359664,0.42690891,0.41671637,0.4314812,0.42017747,0.01476483,0.0034611,-0.01130373,3,2,3,0.53134743,0.86718155,READY,[]
UNH,2026-07-20,2026-07-31,11,14,9,5,14,4172,7488,2843,1329,6166,1322,2.13920241,4.66414523,0.31835072,0.31295255,0.34352858,,0.32026488,0.30333488,,,-0.01693,0,2,3,0.66292735,0.69846596,REVIEW,"[""ATM implied volatility unavailable""]"
UNH,2026-07-20,2026-08-21,32,23,11,12,22,8596,33569,4143,4453,22578,10991,0.93038401,2.05422619,0.39614509,0.30518185,0.58300415,0.29674637,0.29927381,0.297411,0.00252744,0.00066463,-0.00186281,3,2,3,0.46724657,0.48836668,READY,[]
UNH,2026-07-20,2026-09-18,60,21,8,13,21,8670,38570,2800,5870,15928,22642,0.4770017,0.70347142,0.51293359,0.3006707,0.66225446,0.30022588,0.31670496,0.29770214,0.01647908,-0.00252374,-0.01900282,1,2,4,0.4872699,0.54405998,READY,[]
USO,2026-07-20,2026-07-31,11,29,16,13,28,16918,65705,11897,5021,57095,8610,2.36944832,6.63124274,0.83662185,0.85547048,0.71163206,0.64273205,0.60382052,0.69139625,-0.03891153,0.0486642,0.08757573,2,4,3,0.74422038,0.59516491,READY,[]
USO,2026-07-20,2026-08-21,32,18,11,7,16,13754,58340,10407,3347,46445,11895,3.10935166,3.90458176,0.58710522,0.59310033,0.56369681,0.60913728,0.54826947,0.67394948,-0.06086781,0.0648122,0.12568001,3,2,4,0.68853274,0.61378508,READY,[]
USO,2026-07-20,2026-09-18,60,18,13,5,18,8127,60845,6365,1762,42675,18170,3.6123723,2.34865162,0.62443477,0.66944855,0.51871308,0.56208949,0.51909292,0.63530889,-0.04299657,0.0732194,0.11621597,3,3,3,0.67390911,0.66715885,READY,[]
UVXY,2026-07-20,2026-07-31,11,10,6,4,9,2764,10611,2196,568,10077,534,3.86619718,18.87078652,1.08839703,1.09092795,1.04063654,0.8219081,0.92959202,1.09276798,0.10768392,0.27085988,0.16317596,1,1,2,0.94147583,0.723589,REVIEW,"[""open-interest concentration exceeds ready limit""]"
UVXY,2026-07-20,2026-09-18,60,12,6,6,11,1814,4777,1114,700,3921,856,1.59142857,4.58060748,1.23556822,1.18446995,1.46962934,1.08120453,,1.26353875,,0.18233422,,1,0,4,0.78124346,0.56229327,READY,[]
V,2026-07-20,2026-08-14,25,12,3,9,12,4279,4239,1117,3162,1074,3165,0.35325743,0.33933649,0.6268749,0.2933891,0.7400388,,,0.2812102,,,,0,0,1,0.663364,0.75274597,REVIEW,"[""ATM implied volatility unavailable""]"
VST,2026-07-20,2026-08-21,32,11,5,6,11,3541,25336,2089,1452,7235,18101,1.43870523,0.39970167,0.59256836,0.5810801,0.59716023,0.57632187,0.56196983,0.57067045,-0.01435204,-0.00565142,0.00870062,3,1,2,0.76622198,0.71618187,READY,[]
VZ,2026-07-20,2026-08-21,32,10,7,3,10,15435,50682,6678,8757,35689,14993,0.76258993,2.38037751,0.35351636,0.31573269,0.44345575,0.32795412,0.28930326,0.30920822,-0.03865086,-0.0187459,0.01990496,2,2,2,0.76137485,0.86103013,READY,[]
VZ,2026-07-20,2026-09-18,60,10,7,3,10,2746,122525,1499,1247,83673,38852,1.202085,2.1536343,0.28613622,0.29708634,0.26255366,,0.26218224,0.29089427,,,0.02871203,0,1,3,0.86809223,0.71340131,REVIEW,"[""ATM implied volatility unavailable""]"
WBD,2026-07-20,2026-08-21,32,10,5,5,8,131790,350348,118690,13100,266907,83441,9.06030534,3.19875121,0.37198262,0.37400927,0.36549989,0.36002396,0.34865404,0.37599069,-0.01136992,0.01596673,0.02733665,2,1,2,0.94752646,0.94786403,REVIEW,"[""open-interest concentration exceeds ready limit""]"
WBD,2026-07-20,2026-09-18,60,13,7,6,13,53480,481546,7046,46434,149245,332301,0.15174226,0.44912594,0.44361908,0.36080772,0.48081181,0.41388333,0.39198626,0.343847,-0.02189707,-0.07003633,-0.04813926,2,1,2,0.76983923,0.95293568,READY,[]
WDC,2026-07-20,2026-07-31,11,11,8,3,11,10181,10935,8626,1555,9080,1855,5.54726688,4.89487871,1.29137484,1.24573531,1.51477481,,1.43620646,1.20198951,,,-0.23421695,0,1,2,0.8877915,0.86052451,REVIEW,"[""ATM implied volatility unavailable""]"
WFC,2026-07-20,2026-07-31,11,12,7,5,11,6179,7182,2085,4094,4299,2883,0.50928188,1.49115505,0.2939832,0.28701642,0.30437176,0.28961434,0.30459112,0.27429013,0.01497678,-0.01532421,-0.03030099,3,1,2,0.67251462,0.7632303,READY,[]
WMT,2026-07-20,2026-07-31,11,20,13,7,17,12167,30096,8072,4095,14952,15144,1.97118437,0.98732171,0.28479355,0.29419587,0.27551043,0.28123885,0.27327657,0.28046985,-0.00796228,-0.000769,0.00719328,4,3,4,0.756147,0.61354483,READY,[]
WMT,2026-07-20,2026-08-21,32,11,6,5,9,6592,152257,4453,2139,48974,103283,2.08181393,0.4741729,0.32052601,0.31618633,0.32258377,0.31369103,0.32123397,0.31230792,0.00754294,-0.00138311,-0.00892605,2,1,1,0.76292059,0.69538835,READY,[]
WMT,2026-07-20,2026-09-18,60,12,8,4,10,12467,95047,11578,889,61287,33760,13.02362205,1.81537322,0.2934245,0.29532466,0.28997499,0.29027322,0.29610767,0.28468302,0.00583445,-0.0055902,-0.01142465,1,1,2,0.58235399,0.88666078,READY,[]
XBI,2026-07-20,2026-09-18,60,13,4,9,13,2877,33153,1059,1818,20781,12372,0.58250825,1.67967992,0.32311383,0.32924655,0.31281282,0.32599568,0.32812733,0.30679875,0.00213165,-0.01919693,-0.02132858,4,3,1,0.9374114,0.63190824,REVIEW,"[""open-interest concentration exceeds ready limit""]"
XLE,2026-07-20,2026-08-21,32,16,9,7,13,9071,259807,4781,4290,179817,79990,1.11445221,2.2479935,0.29822788,0.29960907,0.29512298,0.29768831,0.26912861,0.29582246,-0.0285597,-0.00186585,0.02669385,4,3,2,0.69902274,0.73685371,READY,[]
XLE,2026-07-20,2026-09-18,60,12,5,7,11,22611,429976,19810,2801,119952,310024,7.07247412,0.38691198,0.26697804,0.29406053,0.2564995,0.26215241,0.25851124,0.29037747,-0.00364117,0.02822506,0.03186623,4,4,2,0.83981199,0.91588165,REVIEW,"[""open-interest concentration exceeds ready limit""]"
XLF,2026-07-20,2026-07-31,11,12,6,6,10,34856,33362,3156,31700,21751,11611,0.09955836,1.87330979,0.17939285,0.17497675,0.18766556,0.17380114,0.19099895,0.16675797,0.01719781,-0.00704317,-0.02424098,2,2,2,0.83004616,0.95613381,REVIEW,"[""open-interest concentration exceeds ready limit""]"
XLF,2026-07-20,2026-08-21,32,19,9,10,15,67555,376511,16569,50986,101144,275367,0.32497156,0.36730618,0.20859232,0.17403289,0.2212862,0.1693228,0.16735492,0.16026705,-0.00196788,-0.00905575,-0.00708787,2,2,1,0.75912789,0.75507364,READY,[]
XLF,2026-07-20,2026-09-18,60,19,12,7,15,7502,676335,4201,3301,351105,325230,1.27264465,1.07955908,0.24470092,0.19818525,0.29491734,0.18043302,0.18832078,0.14085781,0.00788776,-0.03957521,-0.04746297,4,1,2,0.7591105,0.53239136,READY,[]
XOM,2026-07-20,2026-08-21,32,12,8,4,10,4887,48009,4009,878,36230,11779,4.56605923,3.07581289,0.32397486,0.32105998,0.33294049,0.30878094,0.32766389,0.31797173,0.01888295,0.00919079,-0.00969216,1,1,2,0.59934596,0.74462861,READY,[]
XOM,2026-07-20,2026-09-18,60,14,8,6,12,5482,95437,3390,2092,53929,41508,1.62045889,1.29924352,0.30697246,0.30262169,0.31262518,0.30150101,0.31087358,0.30429857,0.00937257,0.00279756,-0.00657501,2,2,3,0.46881189,0.6898942,READY,[]
