column_name,source_path,monotonic_sign,sign_meaning,authority_reason,outcomes_used
F001,,0,UNCONSTRAINED,UNCONSTRAINED_NO_DEFENSIBLE_SIGN,False
F002,,0,UNCONSTRAINED,UNCONSTRAINED_NO_DEFENSIBLE_SIGN,False
F003,,0,UNCONSTRAINED,UNCONSTRAINED_NO_DEFENSIBLE_SIGN,False
F010,,0,UNCONSTRAINED,UNCONSTRAINED_NO_DEFENSIBLE_SIGN,False
F011,,0,UNCONSTRAINED,UNCONSTRAINED_NO_DEFENSIBLE_SIGN,False
F020,,0,UNCONSTRAINED,UNCONSTRAINED_NO_DEFENSIBLE_SIGN,False
F021,,0,UNCONSTRAINED,UNCONSTRAINED_NO_DEFENSIBLE_SIGN,False
F030,,0,UNCONSTRAINED,UNCONSTRAINED_NO_DEFENSIBLE_SIGN,False
F031,,0,UNCONSTRAINED,UNCONSTRAINED_NO_DEFENSIBLE_SIGN,False
F032,,0,UNCONSTRAINED,UNCONSTRAINED_NO_DEFENSIBLE_SIGN,False
F033,,0,UNCONSTRAINED,UNCONSTRAINED_NO_DEFENSIBLE_SIGN,False
F040,,0,UNCONSTRAINED,UNCONSTRAINED_NO_DEFENSIBLE_SIGN,False
F050,,0,UNCONSTRAINED,UNCONSTRAINED_NO_DEFENSIBLE_SIGN,False
F060,,0,UNCONSTRAINED,UNCONSTRAINED_NO_DEFENSIBLE_SIGN,False
F061,,0,UNCONSTRAINED,UNCONSTRAINED_NO_DEFENSIBLE_SIGN,False
F062,,0,UNCONSTRAINED,UNCONSTRAINED_NO_DEFENSIBLE_SIGN,False
F063,,0,UNCONSTRAINED,UNCONSTRAINED_NO_DEFENSIBLE_SIGN,False
F064,,0,UNCONSTRAINED,UNCONSTRAINED_NO_DEFENSIBLE_SIGN,False
F065,,0,UNCONSTRAINED,UNCONSTRAINED_NO_DEFENSIBLE_SIGN,False
F080,,1,NONDECREASING_UP_PROBABILITY,EXACT_EX_ANTE_RULE,False
F081,,0,UNCONSTRAINED,UNCONSTRAINED_NO_DEFENSIBLE_SIGN,False
F090,,0,UNCONSTRAINED,UNCONSTRAINED_NO_DEFENSIBLE_SIGN,False
F091,,0,UNCONSTRAINED,UNCONSTRAINED_NO_DEFENSIBLE_SIGN,False
F070__rs_13w,,1,NONDECREASING_UP_PROBABILITY,EXACT_EX_ANTE_RULE,False
F070__rs_26w,,1,NONDECREASING_UP_PROBABILITY,EXACT_EX_ANTE_RULE,False
F012__1d__atr,1d.atr,0,UNCONSTRAINED,UNCONSTRAINED_AMBIGUOUS_SEMANTICS,False
F012__1d__close,1d.close,0,UNCONSTRAINED,UNCONSTRAINED_AMBIGUOUS_SEMANTICS,False
F012__1d__confidence,1d.confidence,0,UNCONSTRAINED,UNCONSTRAINED_AMBIGUOUS_SEMANTICS,False
F012__1d__direction,1d.direction,0,UNCONSTRAINED,UNCONSTRAINED_NO_DEFENSIBLE_SIGN,False
F012__1d__efficiency_ratio,1d.efficiency_ratio,0,UNCONSTRAINED,UNCONSTRAINED_NO_DEFENSIBLE_SIGN,False
F012__1d__evidence__ema21,1d.evidence.ema21,0,UNCONSTRAINED,UNCONSTRAINED_NO_DEFENSIBLE_SIGN,False
F012__1d__evidence__ema50,1d.evidence.ema50,0,UNCONSTRAINED,UNCONSTRAINED_NO_DEFENSIBLE_SIGN,False
F012__1d__evidence__ema8,1d.evidence.ema8,0,UNCONSTRAINED,UNCONSTRAINED_NO_DEFENSIBLE_SIGN,False
F012__1d__evidence__return10_pct,1d.evidence.return10_pct,0,UNCONSTRAINED,UNCONSTRAINED_NO_DEFENSIBLE_SIGN,False
F012__1d__momentum_score,1d.momentum_score,0,UNCONSTRAINED,UNCONSTRAINED_AMBIGUOUS_SEMANTICS,False
F012__1d__realized_volatility,1d.realized_volatility,0,UNCONSTRAINED,UNCONSTRAINED_AMBIGUOUS_SEMANTICS,False
F012__1d__structure,1d.structure,0,UNCONSTRAINED,UNCONSTRAINED_NO_DEFENSIBLE_SIGN,False
F012__1d__timeframe,1d.timeframe,0,UNCONSTRAINED,UNCONSTRAINED_NO_DEFENSIBLE_SIGN,False
F012__1d__trend_strength,1d.trend_strength,1,NONDECREASING_UP_PROBABILITY,TOKEN_EX_ANTE_POSITIVE,False
F012__1mo__atr,1mo.atr,0,UNCONSTRAINED,UNCONSTRAINED_AMBIGUOUS_SEMANTICS,False
F012__1mo__close,1mo.close,0,UNCONSTRAINED,UNCONSTRAINED_AMBIGUOUS_SEMANTICS,False
F012__1mo__confidence,1mo.confidence,0,UNCONSTRAINED,UNCONSTRAINED_AMBIGUOUS_SEMANTICS,False
F012__1mo__direction,1mo.direction,0,UNCONSTRAINED,UNCONSTRAINED_NO_DEFENSIBLE_SIGN,False
F012__1mo__efficiency_ratio,1mo.efficiency_ratio,0,UNCONSTRAINED,UNCONSTRAINED_NO_DEFENSIBLE_SIGN,False
F012__1mo__evidence__ema21,1mo.evidence.ema21,0,UNCONSTRAINED,UNCONSTRAINED_NO_DEFENSIBLE_SIGN,False
F012__1mo__evidence__ema50,1mo.evidence.ema50,0,UNCONSTRAINED,UNCONSTRAINED_NO_DEFENSIBLE_SIGN,False
F012__1mo__evidence__ema8,1mo.evidence.ema8,0,UNCONSTRAINED,UNCONSTRAINED_NO_DEFENSIBLE_SIGN,False
F012__1mo__evidence__return10_pct,1mo.evidence.return10_pct,0,UNCONSTRAINED,UNCONSTRAINED_NO_DEFENSIBLE_SIGN,False
F012__1mo__momentum_score,1mo.momentum_score,0,UNCONSTRAINED,UNCONSTRAINED_AMBIGUOUS_SEMANTICS,False
F012__1mo__realized_volatility,1mo.realized_volatility,0,UNCONSTRAINED,UNCONSTRAINED_AMBIGUOUS_SEMANTICS,False
F012__1mo__structure,1mo.structure,0,UNCONSTRAINED,UNCONSTRAINED_NO_DEFENSIBLE_SIGN,False
F012__1mo__timeframe,1mo.timeframe,0,UNCONSTRAINED,UNCONSTRAINED_NO_DEFENSIBLE_SIGN,False
F012__1mo__trend_strength,1mo.trend_strength,1,NONDECREASING_UP_PROBABILITY,TOKEN_EX_ANTE_POSITIVE,False
F012__1w__atr,1w.atr,0,UNCONSTRAINED,UNCONSTRAINED_AMBIGUOUS_SEMANTICS,False
F012__1w__close,1w.close,0,UNCONSTRAINED,UNCONSTRAINED_AMBIGUOUS_SEMANTICS,False
F012__1w__confidence,1w.confidence,0,UNCONSTRAINED,UNCONSTRAINED_AMBIGUOUS_SEMANTICS,False
F012__1w__direction,1w.direction,0,UNCONSTRAINED,UNCONSTRAINED_NO_DEFENSIBLE_SIGN,False
F012__1w__efficiency_ratio,1w.efficiency_ratio,0,UNCONSTRAINED,UNCONSTRAINED_NO_DEFENSIBLE_SIGN,False
F012__1w__evidence__ema21,1w.evidence.ema21,0,UNCONSTRAINED,UNCONSTRAINED_NO_DEFENSIBLE_SIGN,False
F012__1w__evidence__ema50,1w.evidence.ema50,0,UNCONSTRAINED,UNCONSTRAINED_NO_DEFENSIBLE_SIGN,False
F012__1w__evidence__ema8,1w.evidence.ema8,0,UNCONSTRAINED,UNCONSTRAINED_NO_DEFENSIBLE_SIGN,False
F012__1w__evidence__return10_pct,1w.evidence.return10_pct,0,UNCONSTRAINED,UNCONSTRAINED_NO_DEFENSIBLE_SIGN,False
F012__1w__momentum_score,1w.momentum_score,0,UNCONSTRAINED,UNCONSTRAINED_AMBIGUOUS_SEMANTICS,False
F012__1w__realized_volatility,1w.realized_volatility,0,UNCONSTRAINED,UNCONSTRAINED_AMBIGUOUS_SEMANTICS,False
F012__1w__structure,1w.structure,0,UNCONSTRAINED,UNCONSTRAINED_NO_DEFENSIBLE_SIGN,False
F012__1w__timeframe,1w.timeframe,0,UNCONSTRAINED,UNCONSTRAINED_NO_DEFENSIBLE_SIGN,False
F012__1w__trend_strength,1w.trend_strength,1,NONDECREASING_UP_PROBABILITY,TOKEN_EX_ANTE_POSITIVE,False
F051__absorption_score,absorption_score,0,UNCONSTRAINED,UNCONSTRAINED_AMBIGUOUS_SEMANTICS,False
F051__accumulation_score,accumulation_score,0,UNCONSTRAINED,UNCONSTRAINED_AMBIGUOUS_SEMANTICS,False
F051__breakdown_confirmation_score,breakdown_confirmation_score,0,UNCONSTRAINED,UNCONSTRAINED_AMBIGUOUS_SEMANTICS,False
F051__breakout_confirmation_score,breakout_confirmation_score,0,UNCONSTRAINED,UNCONSTRAINED_AMBIGUOUS_SEMANTICS,False
F051__close_location_value,close_location_value,0,UNCONSTRAINED,UNCONSTRAINED_AMBIGUOUS_SEMANTICS,False
F051__distribution_score,distribution_score,0,UNCONSTRAINED,UNCONSTRAINED_AMBIGUOUS_SEMANTICS,False
F051__dry_up_score,dry_up_score,0,UNCONSTRAINED,UNCONSTRAINED_AMBIGUOUS_SEMANTICS,False
F051__evidence__absorption_side,evidence.absorption_side,0,UNCONSTRAINED,UNCONSTRAINED_NO_DEFENSIBLE_SIGN,False
F051__evidence__average_volume_20d,evidence.average_volume_20d,0,UNCONSTRAINED,UNCONSTRAINED_AMBIGUOUS_SEMANTICS,False
F051__evidence__average_volume_60d,evidence.average_volume_60d,0,UNCONSTRAINED,UNCONSTRAINED_AMBIGUOUS_SEMANTICS,False
F051__evidence__climactic_volume,evidence.climactic_volume,0,UNCONSTRAINED,UNCONSTRAINED_AMBIGUOUS_SEMANTICS,False
F051__evidence__cmf_20d,evidence.cmf_20d,0,UNCONSTRAINED,UNCONSTRAINED_NO_DEFENSIBLE_SIGN,False
F051__evidence__dry_up_ratio_5d_vs_20d,evidence.dry_up_ratio_5d_vs_20d,0,UNCONSTRAINED,UNCONSTRAINED_NO_DEFENSIBLE_SIGN,False
F051__evidence__elevated_volume_sessions_10d,evidence.elevated_volume_sessions_10d,0,UNCONSTRAINED,UNCONSTRAINED_AMBIGUOUS_SEMANTICS,False
F051__evidence__price_change_1d,evidence.price_change_1d,0,UNCONSTRAINED,UNCONSTRAINED_AMBIGUOUS_SEMANTICS,False
F051__evidence__price_return_20d,evidence.price_return_20d,0,UNCONSTRAINED,UNCONSTRAINED_AMBIGUOUS_SEMANTICS,False
F051__evidence__range_ratio_vs_20d_median,evidence.range_ratio_vs_20d_median,0,UNCONSTRAINED,UNCONSTRAINED_AMBIGUOUS_SEMANTICS,False
F051__evidence__signed_volume_flow_20d,evidence.signed_volume_flow_20d,0,UNCONSTRAINED,UNCONSTRAINED_AMBIGUOUS_SEMANTICS,False
F051__evidence__version,evidence.version,0,UNCONSTRAINED,UNCONSTRAINED_NO_DEFENSIBLE_SIGN,False
F051__evidence__volume_1d,evidence.volume_1d,0,UNCONSTRAINED,UNCONSTRAINED_AMBIGUOUS_SEMANTICS,False
F051__institutional_participation_score,institutional_participation_score,0,UNCONSTRAINED,UNCONSTRAINED_AMBIGUOUS_SEMANTICS,False
F051__persistence_score,persistence_score,0,UNCONSTRAINED,UNCONSTRAINED_AMBIGUOUS_SEMANTICS,False
F051__regime,regime,0,UNCONSTRAINED,UNCONSTRAINED_NO_DEFENSIBLE_SIGN,False
F051__relative_volume_1d,relative_volume_1d,0,UNCONSTRAINED,UNCONSTRAINED_AMBIGUOUS_SEMANTICS,False
F051__relative_volume_20d,relative_volume_20d,0,UNCONSTRAINED,UNCONSTRAINED_AMBIGUOUS_SEMANTICS,False
F051__relative_volume_5d,relative_volume_5d,0,UNCONSTRAINED,UNCONSTRAINED_AMBIGUOUS_SEMANTICS,False
F051__signal,signal,0,UNCONSTRAINED,UNCONSTRAINED_NO_DEFENSIBLE_SIGN,False
F051__up_down_volume_ratio_20d,up_down_volume_ratio_20d,0,UNCONSTRAINED,UNCONSTRAINED_AMBIGUOUS_SEMANTICS,False
F051__volume_percentile_60d,volume_percentile_60d,0,UNCONSTRAINED,UNCONSTRAINED_AMBIGUOUS_SEMANTICS,False
F051__volume_zscore_20d,volume_zscore_20d,0,UNCONSTRAINED,UNCONSTRAINED_AMBIGUOUS_SEMANTICS,False
