record_type,lineno,module,symbol,file,file_sha256,definition_kind,definition_sha256,source
IMPORT_MODULE,3,argparse,argparse,,,,,"import argparse,csv,gzip,hashlib,json,math,os,tempfile,time"
IMPORT_MODULE,3,csv,csv,,,,,"import argparse,csv,gzip,hashlib,json,math,os,tempfile,time"
IMPORT_MODULE,3,gzip,gzip,,,,,"import argparse,csv,gzip,hashlib,json,math,os,tempfile,time"
IMPORT_MODULE,3,hashlib,hashlib,,,,,"import argparse,csv,gzip,hashlib,json,math,os,tempfile,time"
IMPORT_MODULE,3,json,json,,,,,"import argparse,csv,gzip,hashlib,json,math,os,tempfile,time"
IMPORT_MODULE,3,math,math,,,,,"import argparse,csv,gzip,hashlib,json,math,os,tempfile,time"
IMPORT_MODULE,3,os,os,,,,,"import argparse,csv,gzip,hashlib,json,math,os,tempfile,time"
IMPORT_MODULE,3,tempfile,tempfile,,,,,"import argparse,csv,gzip,hashlib,json,math,os,tempfile,time"
IMPORT_MODULE,3,time,time,,,,,"import argparse,csv,gzip,hashlib,json,math,os,tempfile,time"
IMPORT_MODULE,6,numpy,np,,,,,import numpy as np
IMPORT_FROM,180,trading_ai.research.m77.m77_19_8_7_4_certified_solvers,CertifiedMonotonicGAM,,,,,from trading_ai.research.m77.m77_19_8_7_4_certified_solvers import CertifiedMonotonicGAM
NAME_LOAD,240,,CertifiedMonotonicGAM,,,,,CertifiedMonotonicGAM
MODULE_SEARCH,37,trading_ai.research.m77.m77_19_8_7_4_certified_solvers,CertifiedMonotonicGAM,/Users/vinay.hatti/TradingPlatform/src/trading_ai/research/m77/m77_19_8_7_4_certified_solvers.py,31c082fffedcd413beadca205bf77d425f8d8166ea2a25ca0124947a6c7e1de6,CLASS_DEF,b99e273eacd9704559b7b1d6a407c36ec50816dad271738b33936490c5467df6,
