source,source_sha256,function,lineno,args,tags
mf1_development,a5a7e2bf44f11e6919634c0571015006af32e6b7cb4aabf1ff11eeab0a390bbb,require_ml,83,,ENCODER|IMPUTER|METRIC_BAL_ACC|MF1_LOGISTIC|PREPROCESS|SCALER
mf1_development,a5a7e2bf44f11e6919634c0571015006af32e6b7cb4aabf1ff11eeab0a390bbb,build_preprocessor,96,rows|feature_cols|ml,ENCODER|IMPUTER|PREPROCESS|SCALER
mf1_development,a5a7e2bf44f11e6919634c0571015006af32e6b7cb4aabf1ff11eeab0a390bbb,evaluate_mf1,134,train_rows|test_rows|feature_cols|target_key|grid|ml|progress_prefix,FIT_CALL|METRIC_BAL_ACC|MF1_LOGISTIC|PREDICT|PREDICT_PROBA|PREPROCESS
mf2_development,f4d00ed8c9afe5621bb49eb271e83e0d477201bc5a6edd21de0cd39b93da287c,balanced_accuracy,117,y|p,METRIC_BAL_ACC
mf2_development,f4d00ed8c9afe5621bb49eb271e83e0d477201bc5a6edd21de0cd39b93da287c,main,156,,MF2_MONOTONIC
mf2_development,f4d00ed8c9afe5621bb49eb271e83e0d477201bc5a6edd21de0cd39b93da287c,fit,72,self|rows|feature_cols|sign_map,FIT_CALL
mf2_development,f4d00ed8c9afe5621bb49eb271e83e0d477201bc5a6edd21de0cd39b93da287c,transform,97,self|rows,TRANSFORM_CALL
mf2_development,f4d00ed8c9afe5621bb49eb271e83e0d477201bc5a6edd21de0cd39b93da287c,save_checkpoint,206,,MF2_MONOTONIC
mf2_runtime,3d858b6efe7765c1a11cc52d27a0fe9cace8d2da1081d0dc339a54477926ed29,main,28,,MF2_MONOTONIC
