family,state,horizon_sessions,count,accuracy,mean,median,p25,p75,eligible_for_interpretation
EDGE_COMPOUND,EARLY_CLEAN,5,24196,0.4623078194742933,-0.002415853876216703,-0.002386836544405413,-0.02318304650832026,0.01711840228245365,True
EDGE_COMPOUND,EARLY_CLEAN,10,24180,0.4445409429280397,-0.004453621525706645,-0.005035472153096965,-0.033215355295399096,0.022137195955179045,True
EDGE_COMPOUND,EARLY_CLEAN,20,24138,0.43586875466070096,-0.008208803000893296,-0.009209315657710992,-0.05125000000000002,0.031737295909007424,True
EDGE_COMPOUND,ESTABLISHED_WITHOUT_EXHAUSTION,5,63699,0.4577779870955588,-0.00366681465129039,-0.00353393618127007,-0.029857397504456262,0.022234833725795822,True
EDGE_COMPOUND,ESTABLISHED_WITHOUT_EXHAUSTION,10,63653,0.4360674280866573,-0.00742812728535272,-0.00796359499431154,-0.04512648538310149,0.028862478777589073,True
EDGE_COMPOUND,ESTABLISHED_WITHOUT_EXHAUSTION,20,63573,0.4222075409371903,-0.015588157022190822,-0.014015626385037283,-0.06757788107958107,0.0387957163063245,True
EDGE_COMPOUND,LATE_EXHAUSTION,5,17755,0.4622359898620107,-0.011365941203921424,-0.00451059990978786,-0.04318936877076429,0.03187855787476279,True
EDGE_COMPOUND,LATE_EXHAUSTION,10,17743,0.4355520486952601,-0.021387481057767575,-0.012195121951219523,-0.0641210374639769,0.0403654132143616,True
EDGE_COMPOUND,LATE_EXHAUSTION,20,17711,0.4133024673931455,-0.1343780204353087,-0.02420856610800759,-0.10022209883398103,0.05128205128205132,True
EDGE_COMPOUND,LATE_STRONG_ALIGNMENT,5,21450,0.4639160839160839,-0.009665271131281133,-0.003636966007089959,-0.03685018644439575,0.027904406686006245,True
EDGE_COMPOUND,LATE_STRONG_ALIGNMENT,10,21431,0.43693714712332604,-0.018190771602253967,-0.009996775233795496,-0.05569383945239581,0.035295907500380475,True
EDGE_COMPOUND,LATE_STRONG_ALIGNMENT,20,21389,0.41666277058300993,-0.1119300038055531,-0.019969701143093266,-0.08619749045280978,0.045228215767634805,True
LIFECYCLE,EARLY_TRANSITION,5,51754,0.4639061715036519,-0.06002571583935062,-0.0030119040701679367,-0.02925877763328999,0.022408963585434205,True
LIFECYCLE,EARLY_TRANSITION,10,51723,0.4491232140440423,-0.0606719792208938,-0.006136145733461218,-0.042318193100024715,0.029149694501018453,True
LIFECYCLE,EARLY_TRANSITION,20,51632,0.43769367833901457,-0.06530250749518272,-0.011377874424575718,-0.06471421823334889,0.04072948328267478,True
LIFECYCLE,ESTABLISHED,5,68455,0.4595865897304799,-0.003642129492933545,-0.003477001086562792,-0.03061705134243997,0.023149471277507883,True
LIFECYCLE,ESTABLISHED,10,68409,0.43697466707596955,-0.0073569931054758295,-0.008067940552016983,-0.046416110262527344,0.03013863773357439,True
LIFECYCLE,ESTABLISHED,20,68324,0.4231602365201101,-0.01618775808717282,-0.014312911700297248,-0.06983319197059679,0.040295119182746975,True
LIFECYCLE,PERSISTENT_LATE,5,25381,0.4608171466845278,-0.00874858787308778,-0.0032005875575635834,-0.034178610804851184,0.025426807119506067,True
LIFECYCLE,PERSISTENT_LATE,10,25360,0.4374211356466877,-0.01630300751167709,-0.008527844249997973,-0.051331719128329345,0.03219415552253602,True
LIFECYCLE,PERSISTENT_LATE,20,25309,0.4164921569402189,-0.09660598717257228,-0.017345986309894146,-0.08103448275862069,0.04105263157894745,True
NATIVE_CLASS,BEARISH,5,77190,0.45630262987433606,-0.003708472230060491,-0.0032679738562092497,-0.027578947368421147,0.019937405818940546,True
NATIVE_CLASS,BEARISH,10,77130,0.43924542979385456,-0.006922039201846554,-0.006747351543890945,-0.04121269540502137,0.026394125818614778,True
NATIVE_CLASS,BEARISH,20,76987,0.42556535518983724,-0.014339534324236578,-0.012146289375333685,-0.06202143950995387,0.03507871321013012,True
NATIVE_CLASS,STRONG_BEARISH,5,68400,0.4670175438596491,-0.048124032300540784,-0.003312812028472667,-0.03489650406759437,0.027724665391969494,True
NATIVE_CLASS,STRONG_BEARISH,10,68362,0.44376993066323395,-0.05150476448103467,-0.008343554607642023,-0.05187637969094916,0.0350605463249789,True
NATIVE_CLASS,STRONG_BEARISH,20,68278,0.42896687073435075,-0.08522151572790504,-0.015779132528496165,-0.08029420778424745,0.048169556840077066,True
OVERLAY::BREAKDOWN_CONFIRMED,EARLY_TRANSITION::False,5,50326,0.46361721575328857,-0.0027223102553365327,-0.0030044691330632922,-0.02890316205533594,0.022144266608199903,True
OVERLAY::BREAKDOWN_CONFIRMED,EARLY_TRANSITION::False,10,50295,0.4495079033701163,-0.005068347695867758,-0.005994815294880107,-0.04172197989759163,0.02886140183951791,True
OVERLAY::BREAKDOWN_CONFIRMED,EARLY_TRANSITION::False,20,50206,0.4377763613910688,-0.010944471860335012,-0.011205035161001131,-0.06392694063926951,0.040115770343945534,True
OVERLAY::BREAKDOWN_CONFIRMED,EARLY_TRANSITION::True,5,1428,0.4740896358543417,-2.0795293498877347,-0.0036685732475530974,-0.050244553134726644,0.04078762306610406,True
OVERLAY::BREAKDOWN_CONFIRMED,EARLY_TRANSITION::True,10,1428,0.43557422969187676,-2.0190645895508554,-0.013154150975903889,-0.07299270072992692,0.04369961815867629,True
OVERLAY::BREAKDOWN_CONFIRMED,EARLY_TRANSITION::True,20,1426,0.43478260869565216,-1.9791170496292392,-0.020287919232005458,-0.10979000429485297,0.07179312691391626,True
OVERLAY::BREAKDOWN_CONFIRMED,ESTABLISHED::False,5,64893,0.4575069730171205,-0.00364300182515553,-0.0035725222006737223,-0.03005725190839681,0.022372180679676612,True
OVERLAY::BREAKDOWN_CONFIRMED,ESTABLISHED::False,10,64847,0.43614970623159127,-0.007316436527291776,-0.0080190080190079,-0.045306407081661115,0.029000000000000026,True
OVERLAY::BREAKDOWN_CONFIRMED,ESTABLISHED::False,20,64763,0.42190757068078993,-0.015669711495767808,-0.01418037436188313,-0.06803856136447917,0.038961038961038974,True
OVERLAY::BREAKDOWN_CONFIRMED,ESTABLISHED::True,5,3562,0.4974733295901179,-0.003626237225982039,-0.0005437991898948891,-0.04870417687855255,0.0499563318777293,True
OVERLAY::BREAKDOWN_CONFIRMED,ESTABLISHED::True,10,3562,0.4519932622122403,-0.008095334606178032,-0.009916804513884103,-0.07626416137054459,0.06262961426793856,True
OVERLAY::BREAKDOWN_CONFIRMED,ESTABLISHED::True,20,3561,0.445942151081157,-0.02560933949665411,-0.017809776430466107,-0.11644127562289297,0.0764497041420118,True
OVERLAY::BREAKDOWN_CONFIRMED,PERSISTENT_LATE::False,5,22907,0.46025232461692933,-0.007677360568351588,-0.003094378545642096,-0.032297700544146046,0.023816117418997473,True
OVERLAY::BREAKDOWN_CONFIRMED,PERSISTENT_LATE::False,10,22888,0.438395665851101,-0.01409569420304609,-0.007931591910075864,-0.04845634839501134,0.030906389301634474,True
OVERLAY::BREAKDOWN_CONFIRMED,PERSISTENT_LATE::False,20,22840,0.4181260945709282,-0.0978325444623623,-0.016054278788622645,-0.07628955353272637,0.039503149205098675,True
OVERLAY::BREAKDOWN_CONFIRMED,PERSISTENT_LATE::True,5,2474,0.4660468876313662,-0.018667182808250245,-0.005174338762143793,-0.059538274605103414,0.046008119079837706,True
OVERLAY::BREAKDOWN_CONFIRMED,PERSISTENT_LATE::True,10,2472,0.42839805825242716,-0.0367402999906198,-0.018657171618117308,-0.0923076923076922,0.05294467578822126,True
OVERLAY::BREAKDOWN_CONFIRMED,PERSISTENT_LATE::True,20,2469,0.40137707573916565,-0.08525946287172015,-0.03413885692366714,-0.14186002691790045,0.06187624750498999,True
OVERLAY::CAPITULATION,EARLY_TRANSITION::False,5,50220,0.46336121067303865,-0.027538784862026534,-0.003064321497787681,-0.029141386284243342,0.022293849046467806,True
OVERLAY::CAPITULATION,EARLY_TRANSITION::False,10,50189,0.4484648030444918,-0.02985617703744419,-0.006175562417291447,-0.042129532592747765,0.02866414277988094,True
OVERLAY::CAPITULATION,EARLY_TRANSITION::False,20,50099,0.4374338809157867,-0.03439048836064561,-0.01130524152106882,-0.06434822662367568,0.040502131691141696,True
OVERLAY::CAPITULATION,EARLY_TRANSITION::True,5,1534,0.4817470664928292,-1.1235809138062447,-0.0015356907601146164,-0.03360724820901817,0.02622377622377614,True
OVERLAY::CAPITULATION,EARLY_TRANSITION::True,10,1534,0.4706649282920469,-1.0688951185854,-0.004837356921348568,-0.0487063006122852,0.04907618190481222,True
OVERLAY::CAPITULATION,EARLY_TRANSITION::True,20,1533,0.4461839530332681,-1.07551858487364,-0.014838709677419404,-0.08087961237420815,0.049429657794676785,True
OVERLAY::CAPITULATION,ESTABLISHED::False,5,67117,0.4597493928512895,-0.00366764120531893,-0.003441885093989905,-0.03041929295697443,0.0230225080385853,True
OVERLAY::CAPITULATION,ESTABLISHED::False,10,67071,0.43673122511964935,-0.007498003954998494,-0.008034145116746272,-0.04621394730280115,0.029903880384478443,True
OVERLAY::CAPITULATION,ESTABLISHED::False,20,66990,0.42337662337662335,-0.016098914958949776,-0.01413705139913235,-0.06925048381191479,0.04004565775706259,True
OVERLAY::CAPITULATION,ESTABLISHED::True,5,1338,0.4514200298953662,-0.0023624063238977876,-0.0072154830737964915,-0.04367075870396464,0.03539325842696628,True
OVERLAY::CAPITULATION,ESTABLISHED::True,10,1338,0.4491778774289985,-0.0002884290633722269,-0.01160072156983638,-0.05925370335645974,0.047896961159186846,True
OVERLAY::CAPITULATION,ESTABLISHED::True,20,1334,0.4122938530734633,-0.020649228221851834,-0.025837574313069545,-0.10094212651413192,0.060311284046692615,True
OVERLAY::CAPITULATION,PERSISTENT_LATE::False,5,24984,0.4614153057957093,-0.008762701889379212,-0.00314749389293012,-0.03392779469334495,0.025293028994447964,True
OVERLAY::CAPITULATION,PERSISTENT_LATE::False,10,24963,0.4378480150622922,-0.016440295615677853,-0.008407398510689168,-0.051037577117218236,0.03206456538335689,True
OVERLAY::CAPITULATION,PERSISTENT_LATE::False,20,24914,0.41731556554547644,-0.09767151920846127,-0.017066367928608828,-0.08050447901933055,0.04102665741750078,True
OVERLAY::CAPITULATION,PERSISTENT_LATE::True,5,397,0.42317380352644834,-0.007860364742042027,-0.009655348807468433,-0.05418250950570358,0.03378378378378377,False
OVERLAY::CAPITULATION,PERSISTENT_LATE::True,10,397,0.4105793450881612,-0.007670456025100275,-0.020287425511190893,-0.07225396825396824,0.047144754316069126,False
OVERLAY::CAPITULATION,PERSISTENT_LATE::True,20,395,0.36455696202531646,-0.029399239977285215,-0.03772764254683336,-0.11368977673325498,0.05050505050505061,False
OVERLAY::DRAWDOWN_63_GE_15PCT,EARLY_TRANSITION::False,5,35176,0.460910848305663,-0.0026908384308993315,-0.0027494108670437223,-0.025077621208502432,0.018565731842845046,True
OVERLAY::DRAWDOWN_63_GE_15PCT,EARLY_TRANSITION::False,10,35152,0.4451809285389167,-0.004448303415825044,-0.005521170980900103,-0.0362433028679483,0.024289263041678222,True
OVERLAY::DRAWDOWN_63_GE_15PCT,EARLY_TRANSITION::False,20,35096,0.43825507180305445,-0.00826222972677462,-0.009526792132979134,-0.055596330275229366,0.03499755261869797,True
OVERLAY::DRAWDOWN_63_GE_15PCT,EARLY_TRANSITION::True,5,16578,0.4702617927373628,-0.18168162413466263,-0.0039189071423514354,-0.043068217541653686,0.0341992765537652,True
OVERLAY::DRAWDOWN_63_GE_15PCT,EARLY_TRANSITION::True,10,16571,0.4574859694647275,-0.1799390513287797,-0.008249182193144522,-0.05992287155146836,0.044360902255639156,True
OVERLAY::DRAWDOWN_63_GE_15PCT,EARLY_TRANSITION::True,20,16536,0.4365021770682148,-0.1863647709543053,-0.018061462032592734,-0.09368046283934128,0.05859750240153694,True
OVERLAY::DRAWDOWN_63_GE_15PCT,ESTABLISHED::False,5,33828,0.45506680856095544,-0.0024658580321776083,-0.0029403722697135537,-0.02327586206896548,0.01724137931034475,True
OVERLAY::DRAWDOWN_63_GE_15PCT,ESTABLISHED::False,10,33799,0.4386520311251812,-0.004592834454137617,-0.005920344456404658,-0.035547163615466726,0.02383192223267483,True
OVERLAY::DRAWDOWN_63_GE_15PCT,ESTABLISHED::False,20,33764,0.42160289065276624,-0.010223896072024194,-0.011488737803431737,-0.053787047200878346,0.030581879778418752,True
OVERLAY::DRAWDOWN_63_GE_15PCT,ESTABLISHED::True,5,34627,0.46400207930227855,-0.004791259102037765,-0.00456366874443459,-0.04114942528735632,0.031175059952038398,True
OVERLAY::DRAWDOWN_63_GE_15PCT,ESTABLISHED::True,10,34610,0.4353366079167871,-0.010056380515374132,-0.01155093674444041,-0.060862407974758614,0.03918918918918923,True
OVERLAY::DRAWDOWN_63_GE_15PCT,ESTABLISHED::True,20,34560,0.424681712962963,-0.022014258002666987,-0.019112271606244402,-0.09217527386541491,0.05380547252241907,True
OVERLAY::DRAWDOWN_63_GE_15PCT,PERSISTENT_LATE::False,5,7782,0.45823695708044204,-0.002625337981541058,-0.0019146696554829257,-0.02036021926389986,0.014535310527088563,True
OVERLAY::DRAWDOWN_63_GE_15PCT,PERSISTENT_LATE::False,10,7773,0.4429435224495047,-0.0043350633208016015,-0.0044136415201361245,-0.030558255048050986,0.019448946515397192,True
OVERLAY::DRAWDOWN_63_GE_15PCT,PERSISTENT_LATE::False,20,7754,0.42455506835181844,-0.008382163532573983,-0.008366653031415261,-0.047750527854474756,0.02578492340360994,True
OVERLAY::DRAWDOWN_63_GE_15PCT,PERSISTENT_LATE::True,5,17599,0.46195806579919313,-0.011456192319705008,-0.0045757071547420924,-0.04337899543378998,0.032166508987701126,True
OVERLAY::DRAWDOWN_63_GE_15PCT,PERSISTENT_LATE::True,10,17587,0.4349803832376187,-0.021592529897284368,-0.012316715542522116,-0.06431005110732535,0.04039603960396043,True
OVERLAY::DRAWDOWN_63_GE_15PCT,PERSISTENT_LATE::True,20,17555,0.41293078894901736,-0.13557423146220754,-0.0243084660519699,-0.10063197525884071,0.05149210064365117,True
OVERLAY::PRIOR_20_DECLINE_GE_10PCT,EARLY_TRANSITION::False,5,41298,0.4611845609956899,-0.03335771951229246,-0.0030282397281943263,-0.027531645569620178,0.020551286227633914,True
OVERLAY::PRIOR_20_DECLINE_GE_10PCT,EARLY_TRANSITION::False,10,41271,0.4463182379879334,-0.03554298209881772,-0.005887201224537897,-0.03966076328261403,0.026531071668207562,True
OVERLAY::PRIOR_20_DECLINE_GE_10PCT,EARLY_TRANSITION::False,20,41204,0.4365595573245316,-0.03879759060936862,-0.010807491106665124,-0.06104276508494455,0.037816764132553526,True
OVERLAY::PRIOR_20_DECLINE_GE_10PCT,EARLY_TRANSITION::True,5,10456,0.4746557000765111,-0.16535613974092367,-0.0028907833990904352,-0.03832938840955946,0.03294623707593114,True
OVERLAY::PRIOR_20_DECLINE_GE_10PCT,EARLY_TRANSITION::True,10,10452,0.4601990049751244,-0.15989689696153694,-0.007351502425609668,-0.05491585473870697,0.04433312460864114,True
OVERLAY::PRIOR_20_DECLINE_GE_10PCT,EARLY_TRANSITION::True,20,10428,0.44217491369390105,-0.17003098806318087,-0.014841170237005818,-0.0845105328376703,0.05467424922677844,True
OVERLAY::PRIOR_20_DECLINE_GE_10PCT,ESTABLISHED::False,5,48794,0.45669549534778864,-0.003190175280873452,-0.003255454470266095,-0.026548672566371723,0.01979017644253689,True
OVERLAY::PRIOR_20_DECLINE_GE_10PCT,ESTABLISHED::False,10,48758,0.4413224496492883,-0.0059388969037113375,-0.006549397951840841,-0.04043545878693644,0.0271784813673297,True
OVERLAY::PRIOR_20_DECLINE_GE_10PCT,ESTABLISHED::False,20,48700,0.42501026694045174,-0.013613304537599343,-0.012378823801367789,-0.061074061074061214,0.03594584286803959,True
OVERLAY::PRIOR_20_DECLINE_GE_10PCT,ESTABLISHED::True,5,19661,0.46676160927724936,-0.004763774059499853,-0.004459308807134965,-0.04481132075471694,0.03558535327488399,True
OVERLAY::PRIOR_20_DECLINE_GE_10PCT,ESTABLISHED::True,10,19651,0.42618696249554733,-0.010875568984852608,-0.013664596273291973,-0.06679511881824007,0.040876527602191404,True
OVERLAY::PRIOR_20_DECLINE_GE_10PCT,ESTABLISHED::True,20,19624,0.4185690990623726,-0.02257666390985059,-0.022151706616539646,-0.10025957170668387,0.05570152390961647,True
OVERLAY::PRIOR_20_DECLINE_GE_10PCT,PERSISTENT_LATE::False,5,19336,0.463539511791477,-0.0049013067163310225,-0.0025296473671569952,-0.028855721393034717,0.022394492690867462,True
OVERLAY::PRIOR_20_DECLINE_GE_10PCT,PERSISTENT_LATE::False,10,19320,0.44135610766045547,-0.010245673663207285,-0.006920450476426754,-0.04466853543995053,0.02915539525097699,True
OVERLAY::PRIOR_20_DECLINE_GE_10PCT,PERSISTENT_LATE::False,20,19274,0.4190100653730414,-0.020519744422465645,-0.01473775825131518,-0.07057231245166284,0.036717062634989195,True
OVERLAY::PRIOR_20_DECLINE_GE_10PCT,PERSISTENT_LATE::True,5,6045,0.4521091811414392,-0.021054796052913858,-0.0073260073260073,-0.05702217529039055,0.037522334723049444,True
OVERLAY::PRIOR_20_DECLINE_GE_10PCT,PERSISTENT_LATE::True,10,6040,0.4248344370860927,-0.03567845286804077,-0.017255333131129258,-0.08282950423216451,0.04581424406497292,True
OVERLAY::PRIOR_20_DECLINE_GE_10PCT,PERSISTENT_LATE::True,20,6035,0.4084507042253521,-0.3396028790972707,-0.030546623794212246,-0.1258405379442844,0.06517690875232784,True
OVERLAY::STRONG_BEARISH_ALIGNMENT_2PLUS,EARLY_TRANSITION::False,5,31922,0.46309755027880456,-0.002396100370858207,-0.0026229221917631884,-0.02535575679172064,0.0190489057011618,True
OVERLAY::STRONG_BEARISH_ALIGNMENT_2PLUS,EARLY_TRANSITION::False,10,31902,0.4454893110149834,-0.00477559232540697,-0.005532753758195064,-0.0370493991989318,0.02469599341117179,True
OVERLAY::STRONG_BEARISH_ALIGNMENT_2PLUS,EARLY_TRANSITION::False,20,31842,0.43609069782048865,-0.009668459609364865,-0.010135791854795184,-0.056539297918608344,0.0350113942407293,True
OVERLAY::STRONG_BEARISH_ALIGNMENT_2PLUS,EARLY_TRANSITION::True,5,19832,0.46520774505849133,-0.15278754444893183,-0.00390625,-0.038118131868131844,0.028961926456231746,True
OVERLAY::STRONG_BEARISH_ALIGNMENT_2PLUS,EARLY_TRANSITION::True,10,19821,0.4549719993945815,-0.15063749734509646,-0.007448789571694592,-0.05299539170506917,0.03813914501257332,True
OVERLAY::STRONG_BEARISH_ALIGNMENT_2PLUS,EARLY_TRANSITION::True,20,19790,0.44027286508337543,-0.15481738130924097,-0.014302444789763835,-0.08201892744479489,0.05363670272286469,True
OVERLAY::STRONG_BEARISH_ALIGNMENT_2PLUS,ESTABLISHED::False,5,24107,0.455593810926287,-0.0029753096775653972,-0.002774108322324942,-0.023049916043351937,0.016967126193001114,True
OVERLAY::STRONG_BEARISH_ALIGNMENT_2PLUS,ESTABLISHED::False,10,24082,0.44153309525786893,-0.005289621131699612,-0.00537032920154068,-0.03590724898694275,0.023762848866244135,True
OVERLAY::STRONG_BEARISH_ALIGNMENT_2PLUS,ESTABLISHED::False,20,24047,0.42425250551004284,-0.012002595113260956,-0.010432190760059745,-0.053684818164325465,0.030704559992689506,True
OVERLAY::STRONG_BEARISH_ALIGNMENT_2PLUS,ESTABLISHED::True,5,44348,0.46175701271759717,-0.00400460413190441,-0.0041886588256200286,-0.035869565217391264,0.02760852208261544,True
OVERLAY::STRONG_BEARISH_ALIGNMENT_2PLUS,ESTABLISHED::True,10,44327,0.43449816139147696,-0.008480156231166242,-0.010171790235081302,-0.05363640080127552,0.034415450996507224,True
OVERLAY::STRONG_BEARISH_ALIGNMENT_2PLUS,ESTABLISHED::True,20,44277,0.42256702125256906,-0.01846073534474806,-0.017429938482570018,-0.08136180034622043,0.04722354057902234,True
OVERLAY::STRONG_BEARISH_ALIGNMENT_2PLUS,PERSISTENT_LATE::False,5,3931,0.4439074026965149,-0.003746589427845495,-0.002205363443895658,-0.022369668246445595,0.013549579141860058,True
OVERLAY::STRONG_BEARISH_ALIGNMENT_2PLUS,PERSISTENT_LATE::False,10,3929,0.44006108424535506,-0.00600606879313471,-0.0035906642728904536,-0.03344568317345087,0.018236840009556388,True
OVERLAY::STRONG_BEARISH_ALIGNMENT_2PLUS,PERSISTENT_LATE::False,20,3920,0.41556122448979593,-0.012992366824912354,-0.007592305659344989,-0.05343925321766996,0.021918453924110293,True
OVERLAY::STRONG_BEARISH_ALIGNMENT_2PLUS,PERSISTENT_LATE::True,5,21450,0.4639160839160839,-0.009665271131281133,-0.003636966007089959,-0.03685018644439575,0.027904406686006245,True
OVERLAY::STRONG_BEARISH_ALIGNMENT_2PLUS,PERSISTENT_LATE::True,10,21431,0.43693714712332604,-0.018190771602253967,-0.009996775233795496,-0.05569383945239581,0.035295907500380475,True
OVERLAY::STRONG_BEARISH_ALIGNMENT_2PLUS,PERSISTENT_LATE::True,20,21389,0.41666277058300993,-0.1119300038055531,-0.019969701143093266,-0.08619749045280978,0.045228215767634805,True
