relative_path,parse_mode,top_level_type,size_bytes,date_keys,close_keys,error
daily_bars/A.daily.csv.gz,UNKNOWN_TEXT,,143310,,,
daily_bars/AAPL.daily.csv.gz,UNKNOWN_TEXT,,152088,,,
daily_bars/ABBV.daily.csv.gz,UNKNOWN_TEXT,,84388,,,
daily_bars/ABNB.daily.csv.gz,UNKNOWN_TEXT,,37672,,,
daily_bars/ABT.daily.csv.gz,UNKNOWN_TEXT,,133144,,,
daily_bars/ACGL.daily.csv.gz,UNKNOWN_TEXT,,129518,,,
daily_bars/ACN.daily.csv.gz,UNKNOWN_TEXT,,135590,,,
daily_bars/ADBE.daily.csv.gz,UNKNOWN_TEXT,,141579,,,
daily_bars/ADI.daily.csv.gz,UNKNOWN_TEXT,,134775,,,
daily_bars/ADM.daily.csv.gz,UNKNOWN_TEXT,,130023,,,
daily_bars/ADP.daily.csv.gz,UNKNOWN_TEXT,,133796,,,
daily_bars/ADSK.daily.csv.gz,UNKNOWN_TEXT,,137941,,,
daily_bars/AEE.daily.csv.gz,UNKNOWN_TEXT,,125694,,,
daily_bars/AEP.daily.csv.gz,UNKNOWN_TEXT,,129723,,,
daily_bars/AES.daily.csv.gz,UNKNOWN_TEXT,,124198,,,
daily_bars/AFL.daily.csv.gz,UNKNOWN_TEXT,,130396,,,
daily_bars/AGG.daily.csv.gz,UNKNOWN_TEXT,,121189,,,
daily_bars/AIG.daily.csv.gz,UNKNOWN_TEXT,,144660,,,
daily_bars/AIZ.daily.csv.gz,UNKNOWN_TEXT,,125277,,,
daily_bars/AJG.daily.csv.gz,UNKNOWN_TEXT,,125133,,,
daily_bars/AKAM.daily.csv.gz,UNKNOWN_TEXT,,134648,,,
daily_bars/ALAB.daily.csv.gz,UNKNOWN_TEXT,,16714,,,
daily_bars/ALB.daily.csv.gz,UNKNOWN_TEXT,,131672,,,
daily_bars/ALGN.daily.csv.gz,UNKNOWN_TEXT,,132521,,,
daily_bars/ALL.daily.csv.gz,UNKNOWN_TEXT,,132283,,,
daily_bars/ALLE.daily.csv.gz,UNKNOWN_TEXT,,73279,,,
daily_bars/ALNY.daily.csv.gz,UNKNOWN_TEXT,,125506,,,
daily_bars/AMAT.daily.csv.gz,UNKNOWN_TEXT,,137059,,,
daily_bars/AMCR.daily.csv.gz,UNKNOWN_TEXT,,39876,,,
daily_bars/AMD.daily.csv.gz,UNKNOWN_TEXT,,134563,,,
daily_bars/AME.daily.csv.gz,UNKNOWN_TEXT,,131950,,,
daily_bars/AMGN.daily.csv.gz,UNKNOWN_TEXT,,140818,,,
daily_bars/AMP.daily.csv.gz,UNKNOWN_TEXT,,124228,,,
daily_bars/AMT.daily.csv.gz,UNKNOWN_TEXT,,134765,,,
daily_bars/AMZN.daily.csv.gz,UNKNOWN_TEXT,,147404,,,
daily_bars/ANET.daily.csv.gz,UNKNOWN_TEXT,,77192,,,
daily_bars/AON.daily.csv.gz,UNKNOWN_TEXT,,99737,,,
daily_bars/AOS.daily.csv.gz,UNKNOWN_TEXT,,127066,,,
daily_bars/APA.daily.csv.gz,UNKNOWN_TEXT,,135931,,,
daily_bars/APD.daily.csv.gz,UNKNOWN_TEXT,,134731,,,
daily_bars/APH.daily.csv.gz,UNKNOWN_TEXT,,131997,,,
daily_bars/APO.daily.csv.gz,UNKNOWN_TEXT,,87741,,,
daily_bars/APP.daily.csv.gz,UNKNOWN_TEXT,,35140,,,
daily_bars/APTV.daily.csv.gz,UNKNOWN_TEXT,,53441,,,
daily_bars/ARE.daily.csv.gz,UNKNOWN_TEXT,,128338,,,
daily_bars/ARES.daily.csv.gz,UNKNOWN_TEXT,,67442,,,
daily_bars/ARKK.daily.csv.gz,UNKNOWN_TEXT,,66118,,,
daily_bars/ARM.daily.csv.gz,UNKNOWN_TEXT,,20216,,,
daily_bars/ASML.daily.csv.gz,UNKNOWN_TEXT,,146706,,,
daily_bars/ATO.daily.csv.gz,UNKNOWN_TEXT,,122036,,,
daily_bars/AVB.daily.csv.gz,UNKNOWN_TEXT,,133086,,,
daily_bars/AVGO.daily.csv.gz,UNKNOWN_TEXT,,105189,,,
daily_bars/AVY.daily.csv.gz,UNKNOWN_TEXT,,127997,,,
daily_bars/AWK.daily.csv.gz,UNKNOWN_TEXT,,103311,,,
daily_bars/AXON.daily.csv.gz,UNKNOWN_TEXT,,35964,,,
daily_bars/AXP.daily.csv.gz,UNKNOWN_TEXT,,137228,,,
daily_bars/AZO.daily.csv.gz,UNKNOWN_TEXT,,140757,,,
daily_bars/BA.daily.csv.gz,UNKNOWN_TEXT,,141462,,,
daily_bars/BAC.daily.csv.gz,UNKNOWN_TEXT,,134066,,,
daily_bars/BALL.daily.csv.gz,UNKNOWN_TEXT,,25686,,,
daily_bars/BAX.daily.csv.gz,UNKNOWN_TEXT,,130465,,,
daily_bars/BBY.daily.csv.gz,UNKNOWN_TEXT,,134868,,,
daily_bars/BDX.daily.csv.gz,UNKNOWN_TEXT,,133353,,,
daily_bars/BEN.daily.csv.gz,UNKNOWN_TEXT,,132381,,,
daily_bars/BF.B.daily.csv.gz,UNKNOWN_TEXT,,125024,,,
daily_bars/BG.daily.csv.gz,UNKNOWN_TEXT,,130341,,,
daily_bars/BIIB.daily.csv.gz,UNKNOWN_TEXT,,139909,,,
daily_bars/BITO.daily.csv.gz,UNKNOWN_TEXT,,29361,,,
daily_bars/BKNG.daily.csv.gz,UNKNOWN_TEXT,,57777,,,
daily_bars/BKR.daily.csv.gz,UNKNOWN_TEXT,,41021,,,
daily_bars/BLDR.daily.csv.gz,UNKNOWN_TEXT,,113289,,,
daily_bars/BLK.daily.csv.gz,UNKNOWN_TEXT,,138582,,,
daily_bars/BMY.daily.csv.gz,UNKNOWN_TEXT,,131567,,,
daily_bars/BND.daily.csv.gz,UNKNOWN_TEXT,,101922,,,
daily_bars/BR.daily.csv.gz,UNKNOWN_TEXT,,108334,,,
daily_bars/BRK.B.daily.csv.gz,UNKNOWN_TEXT,,134710,,,
daily_bars/BRO.daily.csv.gz,UNKNOWN_TEXT,,123657,,,
daily_bars/BSX.daily.csv.gz,UNKNOWN_TEXT,,128548,,,
daily_bars/BX.daily.csv.gz,UNKNOWN_TEXT,,112619,,,
daily_bars/BXP.daily.csv.gz,UNKNOWN_TEXT,,131336,,,
daily_bars/C.daily.csv.gz,UNKNOWN_TEXT,,137587,,,
daily_bars/CAH.daily.csv.gz,UNKNOWN_TEXT,,131975,,,
daily_bars/CARR.daily.csv.gz,UNKNOWN_TEXT,,38419,,,
daily_bars/CASY.daily.csv.gz,UNKNOWN_TEXT,,127610,,,
daily_bars/CAT.daily.csv.gz,UNKNOWN_TEXT,,141068,,,
daily_bars/CB.daily.csv.gz,UNKNOWN_TEXT,,133210,,,
daily_bars/CBOE.daily.csv.gz,UNKNOWN_TEXT,,92102,,,
daily_bars/CBRE.daily.csv.gz,UNKNOWN_TEXT,,50713,,,
daily_bars/CCEP.daily.csv.gz,UNKNOWN_TEXT,,45164,,,
daily_bars/CCI.daily.csv.gz,UNKNOWN_TEXT,,131837,,,
daily_bars/CCL.daily.csv.gz,UNKNOWN_TEXT,,131965,,,
daily_bars/CDNS.daily.csv.gz,UNKNOWN_TEXT,,119343,,,
daily_bars/CDW.daily.csv.gz,UNKNOWN_TEXT,,77178,,,
daily_bars/CEG.daily.csv.gz,UNKNOWN_TEXT,,29962,,,
daily_bars/CF.daily.csv.gz,UNKNOWN_TEXT,,124498,,,
daily_bars/CFG.daily.csv.gz,UNKNOWN_TEXT,,69582,,,
daily_bars/CHD.daily.csv.gz,UNKNOWN_TEXT,,126889,,,
daily_bars/CHRW.daily.csv.gz,UNKNOWN_TEXT,,119718,,,
daily_bars/CHTR.daily.csv.gz,UNKNOWN_TEXT,,127286,,,
daily_bars/CI.daily.csv.gz,UNKNOWN_TEXT,,137720,,,
daily_bars/CIBR.daily.csv.gz,UNKNOWN_TEXT,,59618,,,
daily_bars/CIEN.daily.csv.gz,UNKNOWN_TEXT,,114706,,,
daily_bars/CINF.daily.csv.gz,UNKNOWN_TEXT,,125980,,,
daily_bars/CL.daily.csv.gz,UNKNOWN_TEXT,,129918,,,
daily_bars/CLX.daily.csv.gz,UNKNOWN_TEXT,,130867,,,
daily_bars/CMCSA.daily.csv.gz,UNKNOWN_TEXT,,128739,,,
daily_bars/CME.daily.csv.gz,UNKNOWN_TEXT,,137891,,,
daily_bars/CMG.daily.csv.gz,UNKNOWN_TEXT,,124144,,,
daily_bars/CMI.daily.csv.gz,UNKNOWN_TEXT,,137139,,,
daily_bars/CMS.daily.csv.gz,UNKNOWN_TEXT,,124135,,,
daily_bars/CNC.daily.csv.gz,UNKNOWN_TEXT,,129361,,,
daily_bars/CNP.daily.csv.gz,UNKNOWN_TEXT,,123200,,,
daily_bars/COF.daily.csv.gz,UNKNOWN_TEXT,,136835,,,
daily_bars/COHR.daily.csv.gz,UNKNOWN_TEXT,,126949,,,
daily_bars/COIN.daily.csv.gz,UNKNOWN_TEXT,,37262,,,
daily_bars/COO.daily.csv.gz,UNKNOWN_TEXT,,133090,,,
daily_bars/COP.daily.csv.gz,UNKNOWN_TEXT,,137287,,,
daily_bars/COR.daily.csv.gz,UNKNOWN_TEXT,,19518,,,
daily_bars/COST.daily.csv.gz,UNKNOWN_TEXT,,140961,,,
daily_bars/CPAY.daily.csv.gz,UNKNOWN_TEXT,,15746,,,
daily_bars/CPRT.daily.csv.gz,UNKNOWN_TEXT,,129552,,,
daily_bars/CPT.daily.csv.gz,UNKNOWN_TEXT,,126073,,,
daily_bars/CRH.daily.csv.gz,UNKNOWN_TEXT,,18632,,,
daily_bars/CRL.daily.csv.gz,UNKNOWN_TEXT,,129125,,,
daily_bars/CRM.daily.csv.gz,UNKNOWN_TEXT,,135933,,,
daily_bars/CRWD.daily.csv.gz,UNKNOWN_TEXT,,48291,,,
daily_bars/CRWV.daily.csv.gz,UNKNOWN_TEXT,,10178,,,
daily_bars/CSCO.daily.csv.gz,UNKNOWN_TEXT,,135472,,,
daily_bars/CSGP.daily.csv.gz,UNKNOWN_TEXT,,129908,,,
daily_bars/CSX.daily.csv.gz,UNKNOWN_TEXT,,134430,,,
daily_bars/CTAS.daily.csv.gz,UNKNOWN_TEXT,,134084,,,
daily_bars/CTSH.daily.csv.gz,UNKNOWN_TEXT,,134714,,,
daily_bars/CTVA.daily.csv.gz,UNKNOWN_TEXT,,42763,,,
daily_bars/CVNA.daily.csv.gz,UNKNOWN_TEXT,,58746,,,
daily_bars/CVS.daily.csv.gz,UNKNOWN_TEXT,,133903,,,
daily_bars/CVX.daily.csv.gz,UNKNOWN_TEXT,,139838,,,
daily_bars/D.daily.csv.gz,UNKNOWN_TEXT,,129237,,,
daily_bars/DAL.daily.csv.gz,UNKNOWN_TEXT,,123784,,,
daily_bars/DASH.daily.csv.gz,UNKNOWN_TEXT,,37749,,,
daily_bars/DBA.daily.csv.gz,UNKNOWN_TEXT,,99579,,,
daily_bars/DD.daily.csv.gz,UNKNOWN_TEXT,,149591,,,
daily_bars/DDOG.daily.csv.gz,UNKNOWN_TEXT,,45066,,,
daily_bars/DE.daily.csv.gz,UNKNOWN_TEXT,,138290,,,
daily_bars/DECK.daily.csv.gz,UNKNOWN_TEXT,,140564,,,
daily_bars/DELL.daily.csv.gz,UNKNOWN_TEXT,,51379,,,
daily_bars/DG.daily.csv.gz,UNKNOWN_TEXT,,101043,,,
daily_bars/DGX.daily.csv.gz,UNKNOWN_TEXT,,129589,,,
daily_bars/DHI.daily.csv.gz,UNKNOWN_TEXT,,133318,,,
daily_bars/DHR.daily.csv.gz,UNKNOWN_TEXT,,149047,,,
daily_bars/DIA.daily.csv.gz,UNKNOWN_TEXT,,141743,,,
daily_bars/DIS.daily.csv.gz,UNKNOWN_TEXT,,136373,,,
daily_bars/DLR.daily.csv.gz,UNKNOWN_TEXT,,125454,,,
daily_bars/DLTR.daily.csv.gz,UNKNOWN_TEXT,,136125,,,
daily_bars/DOC.daily.csv.gz,UNKNOWN_TEXT,,14387,,,
daily_bars/DOV.daily.csv.gz,UNKNOWN_TEXT,,130822,,,
daily_bars/DOW.daily.csv.gz,UNKNOWN_TEXT,,44552,,,
daily_bars/DPZ.daily.csv.gz,UNKNOWN_TEXT,,126180,,,
daily_bars/DRI.daily.csv.gz,UNKNOWN_TEXT,,131882,,,
daily_bars/DTE.daily.csv.gz,UNKNOWN_TEXT,,127626,,,
daily_bars/DUK.daily.csv.gz,UNKNOWN_TEXT,,131628,,,
daily_bars/DVA.daily.csv.gz,UNKNOWN_TEXT,,129915,,,
daily_bars/DVN.daily.csv.gz,UNKNOWN_TEXT,,135329,,,
daily_bars/DXCM.daily.csv.gz,UNKNOWN_TEXT,,123221,,,
daily_bars/EA.daily.csv.gz,UNKNOWN_TEXT,,88561,,,
daily_bars/EBAY.daily.csv.gz,UNKNOWN_TEXT,,147992,,,
daily_bars/ECL.daily.csv.gz,UNKNOWN_TEXT,,131091,,,
daily_bars/ED.daily.csv.gz,UNKNOWN_TEXT,,127925,,,
daily_bars/EEM.daily.csv.gz,UNKNOWN_TEXT,,135831,,,
daily_bars/EFA.daily.csv.gz,UNKNOWN_TEXT,,134891,,,
daily_bars/EFX.daily.csv.gz,UNKNOWN_TEXT,,129753,,,
daily_bars/EG.daily.csv.gz,UNKNOWN_TEXT,,19603,,,
daily_bars/EIX.daily.csv.gz,UNKNOWN_TEXT,,128839,,,
daily_bars/EL.daily.csv.gz,UNKNOWN_TEXT,,134459,,,
daily_bars/ELV.daily.csv.gz,UNKNOWN_TEXT,,27656,,,
daily_bars/EME.daily.csv.gz,UNKNOWN_TEXT,,125730,,,
daily_bars/EMR.daily.csv.gz,UNKNOWN_TEXT,,132649,,,
daily_bars/EOG.daily.csv.gz,UNKNOWN_TEXT,,138869,,,
daily_bars/EQIX.daily.csv.gz,UNKNOWN_TEXT,,138073,,,
daily_bars/EQR.daily.csv.gz,UNKNOWN_TEXT,,129314,,,
daily_bars/EQT.daily.csv.gz,UNKNOWN_TEXT,,147583,,,
daily_bars/ERIE.daily.csv.gz,UNKNOWN_TEXT,,121930,,,
daily_bars/ES.daily.csv.gz,UNKNOWN_TEXT,,93859,,,
daily_bars/ESS.daily.csv.gz,UNKNOWN_TEXT,,131155,,,
daily_bars/ETHA.daily.csv.gz,UNKNOWN_TEXT,,13310,,,
daily_bars/ETN.daily.csv.gz,UNKNOWN_TEXT,,135628,,,
daily_bars/ETR.daily.csv.gz,UNKNOWN_TEXT,,130580,,,
daily_bars/EVRG.daily.csv.gz,UNKNOWN_TEXT,,47445,,,
daily_bars/EW.daily.csv.gz,UNKNOWN_TEXT,,133978,,,
daily_bars/EWJ.daily.csv.gz,UNKNOWN_TEXT,,127009,,,
daily_bars/EWZ.daily.csv.gz,UNKNOWN_TEXT,,135027,,,
daily_bars/EXC.daily.csv.gz,UNKNOWN_TEXT,,129717,,,
daily_bars/EXE.daily.csv.gz,UNKNOWN_TEXT,,12375,,,
daily_bars/EXPD.daily.csv.gz,UNKNOWN_TEXT,,131128,,,
daily_bars/EXPE.daily.csv.gz,UNKNOWN_TEXT,,91456,,,
daily_bars/EXR.daily.csv.gz,UNKNOWN_TEXT,,120959,,,
daily_bars/F.daily.csv.gz,UNKNOWN_TEXT,,126897,,,
daily_bars/FANG.daily.csv.gz,UNKNOWN_TEXT,,84989,,,
daily_bars/FAST.daily.csv.gz,UNKNOWN_TEXT,,132545,,,
daily_bars/FBTC.daily.csv.gz,UNKNOWN_TEXT,,17012,,,
daily_bars/FCX.daily.csv.gz,UNKNOWN_TEXT,,136513,,,
