component_path,state,horizon_sessions,count,accuracy,accuracy_risk_difference_vs_all_bearish,mean_directional_return,mean_return_difference_vs_all_bearish,odds_ratio_correct_vs_all_other_bearish
primary_timeframe,1D,5,145590,0.46133663026306754,0.0,-0.024575456973661015,0.0,
primary_timeframe,1D,10,145492,0.44137134687817886,0.0,-0.027870024421211854,0.0,
primary_timeframe,1D,20,145265,0.42716414828072835,0.0,-0.04765574900967158,0.0,
alignment_score,20-40,5,19417,0.4559406705464284,-0.005395959716639143,-0.0034917294886718667,0.02108372748498915,0.9752455799678488
alignment_score,40-60,5,27887,0.4626528489977409,0.0013162187346733578,-0.002708712971505821,0.021866744002155193,1.0065760097747085
alignment_score,60-80,5,40002,0.4527273636318184,-0.008609266631249113,-0.0044965021244096895,0.020078954849251325,0.9533156309904777
alignment_score,80-100,5,58284,0.4684132866652941,0.007076656402226544,-0.055842682600658174,-0.03126722562699716,1.0486178103386734
alignment_score,20-40,10,19396,0.44467931532274696,0.003307968444568099,-0.005907709965156972,0.02196231445605488,1.0156000134616705
alignment_score,40-60,10,27866,0.44900595708031293,0.007634610202134073,-0.004761987020326071,0.02310803740088578,1.0389956706400796
alignment_score,60-80,10,39978,0.4278353094201811,-0.013536037457997752,-0.009296807217168036,0.01857321720404382,0.9269452027046584
alignment_score,80-100,10,58252,0.44590743665453547,0.004536089776356611,-0.0589836290834719,-0.031113604662260045,1.0311474111621228
alignment_score,20-40,20,19353,0.431871027747636,0.004706879466907676,-0.0111920801802581,0.03646366882941348,1.022426329880687
alignment_score,40-60,20,27819,0.4330493547575398,0.005885206476811455,-0.010809197805559787,0.036846551204111795,1.030162759129306
alignment_score,60-80,20,39915,0.4159839659275961,-0.011180182353132229,-0.018488275540246787,0.029167473469424793,0.938817068126595
alignment_score,80-100,20,58178,0.43045481109697825,0.0032906628162499008,-0.09741571487881329,-0.049759965869141706,1.0226795938650073
confidence,60-80,5,2523,0.4157748711850971,-0.04556175907797044,-0.006667404968234405,0.01790805200542661,0.8283858810860876
confidence,80-100,5,143067,0.46214011616934725,0.0008034859062797106,-0.02489126715497256,-0.00031581018131154534,1.207166880595443
confidence,60-80,10,2523,0.40665873959571935,-0.03471260728245951,-0.013479613020266673,0.01439041140094518,0.8654293924990495
confidence,80-100,10,142969,0.4419839265854836,0.0006125797073047168,-0.028123974633947446,-0.00025395021273559235,1.1554957673812751
confidence,60-80,20,2523,0.3476020610384463,-0.07956208724228203,-0.031414764481526414,0.016240984528145166,0.7105996906546789
confidence,80-100,20,142742,0.42857042776477844,0.001406279484050088,-0.0479428124105243,-0.00028706340085272314,1.4072620818040256
categories.primary,MISSING,5,145590,0.46133663026306754,0.0,-0.024575456973661015,0.0,
categories.primary,MISSING,10,145492,0.44137134687817886,0.0,-0.027870024421211854,0.0,
categories.primary,MISSING,20,145265,0.42716414828072835,0.0,-0.04765574900967158,0.0,
context.market_regime,UNKNOWN,5,145590,0.46133663026306754,0.0,-0.024575456973661015,0.0,
context.market_regime,UNKNOWN,10,145492,0.44137134687817886,0.0,-0.027870024421211854,0.0,
context.market_regime,UNKNOWN,20,145265,0.42716414828072835,0.0,-0.04765574900967158,0.0,
context.regime,MISSING,5,145590,0.46133663026306754,0.0,-0.024575456973661015,0.0,
context.regime,MISSING,10,145492,0.44137134687817886,0.0,-0.027870024421211854,0.0,
context.regime,MISSING,20,145265,0.42716414828072835,0.0,-0.04765574900967158,0.0,
structure.state,MISSING,5,145590,0.46133663026306754,0.0,-0.024575456973661015,0.0,
structure.state,MISSING,10,145492,0.44137134687817886,0.0,-0.027870024421211854,0.0,
structure.state,MISSING,20,145265,0.42716414828072835,0.0,-0.04765574900967158,0.0,
structure.trend,MISSING,5,145590,0.46133663026306754,0.0,-0.024575456973661015,0.0,
structure.trend,MISSING,10,145492,0.44137134687817886,0.0,-0.027870024421211854,0.0,
structure.trend,MISSING,20,145265,0.42716414828072835,0.0,-0.04765574900967158,0.0,
breakout.state,BREAKDOWN_CONFIRMED,5,7464,0.48258306538049306,0.02124643511742552,-0.40576998645582085,-0.3811945294821598,1.0940604606166542
breakout.state,BREAKDOWN_SETUP,5,5848,0.493844049247606,0.03250741898453846,-0.0010109928680215544,0.023564464105639463,1.145471456958502
breakout.state,BREAKOUT_CONFIRMED,5,13599,0.4433414221633944,-0.017995208099673143,-0.007553004517106087,0.017022452456554926,0.9230314474188657
breakout.state,BREAKOUT_SETUP,5,3899,0.44216465760451396,-0.019171972658553582,-0.007044268863167628,0.01753118811049339,0.9235942693644008
breakout.state,FAILED_BREAKDOWN,5,5302,0.5288570350811015,0.06752040481803395,0.006710062145506091,0.031285519119167104,1.3241481140383589
breakout.state,FAILED_BREAKOUT,5,7054,0.45591153955202723,-0.0054250907110403035,-0.0063784562679483,0.018197000705712715,0.9773233942071646
breakout.state,NONE,5,102424,0.45792978208232443,-0.003406848180743105,-0.003942098744949194,0.02063335822871182,0.9548418690317391
breakout.state,BREAKDOWN_CONFIRMED,10,7462,0.44103457518091665,-0.0003367716972622059,-0.4024231891346335,-0.37455316471342165,0.9985915050902772
breakout.state,BREAKDOWN_SETUP,10,5842,0.48373844573776104,0.042367098859582175,-0.009397836915811485,0.01847218750540037,1.1945026232650349
breakout.state,BREAKOUT_CONFIRMED,10,13590,0.41994113318616627,-0.02143021369201259,-0.014850386359087045,0.013019638062124809,0.9081509891012993
breakout.state,BREAKOUT_SETUP,10,3899,0.4242113362400616,-0.017160010638117285,-0.01241515798675252,0.015454866434459334,0.9307645674298981
breakout.state,FAILED_BREAKDOWN,10,5300,0.4911320754716981,0.049760728593519266,-0.001139826163095497,0.02673019825811636,1.2309190977240079
breakout.state,FAILED_BREAKOUT,10,7053,0.41060541613497803,-0.03076593074320083,-0.01214767205583325,0.015722352365378604,0.8761930272577934
breakout.state,NONE,10,102346,0.4420202059679909,0.0006488590898120483,-0.006401222629331567,0.021468801791880286,1.0089120613014397
breakout.state,BREAKDOWN_CONFIRMED,20,7456,0.42905042918454933,0.0018862809038209805,-0.41898087239124754,-0.37132512338157597,1.0081915453741617
breakout.state,BREAKDOWN_SETUP,20,5836,0.46778615490061687,0.04062200661988852,-0.29702754954433014,-0.24937180053465857,1.186928495406617
breakout.state,BREAKOUT_CONFIRMED,20,13551,0.413622610877426,-0.013541537403302328,-0.02761855389741112,0.02003719511226046,0.9405919297088998
breakout.state,BREAKOUT_SETUP,20,3894,0.4252696456086287,-0.0018945026720996738,-0.019851125170592603,0.027804623839078977,0.9921474214566154
breakout.state,FAILED_BREAKDOWN,20,5290,0.4379962192816635,0.01083207100093514,-0.014879694352502226,0.03277605465716935,1.0469186175590661
breakout.state,FAILED_BREAKOUT,20,7044,0.4134014764338444,-0.013762671846883956,-0.02413870016538165,0.023517048844289932,0.9424167104233971
breakout.state,NONE,20,102194,0.4269624439790986,-0.00020170430162974595,-0.013357264847566594,0.034298484162104986,0.9972200203647481
participation.state,ACCUMULATION,5,5599,0.48883729237363815,0.027500662110570617,-0.0006333978776262891,0.023942059096034727,1.1215798277329023
participation.state,CAPITULATION,5,3269,0.46222086264912815,0.0008842323860606127,-0.5291693442161949,-0.5045938872425338,1.0036916311434894
participation.state,DISTRIBUTION,5,42614,0.45332519829164125,-0.008011431971426286,-0.007175453000155648,0.017400003973505367,0.9554117359369053
participation.state,NEUTRAL,5,47220,0.46827615417196106,0.006939523908893519,-0.028986723448013344,-0.004411266474352329,1.0421747221957436
participation.state,RE_ACCUMULATION,5,12531,0.47809432607134306,0.01675769580827552,-0.003069295150947532,0.021506161822713483,1.0764214473236076
participation.state,RE_DISTRIBUTION,5,34295,0.45094037031637263,-0.010396259946694908,-0.003812459832965836,0.02076299714069518,0.9466842471791646
participation.state,SHORT_COVERING,5,62,0.5161290322580645,0.054792401994996964,-0.01294059619183773,0.011634860781823285,1.2442950040712253
participation.state,ACCUMULATION,10,5598,0.46195069667738475,0.020579349799205893,-0.006704282158303385,0.021165742262908467,1.0903214374813948
participation.state,CAPITULATION,10,3269,0.45457326399510556,0.013201917116926698,-0.5026357298986707,-0.47476570547745883,1.0561963676447383
participation.state,DISTRIBUTION,10,42580,0.43168154062940345,-0.009689806248775412,-0.013049391886827934,0.01482063253438392,0.9458832288096797
participation.state,NEUTRAL,10,47189,0.4463328318040221,0.004961484925843251,-0.03135212553821207,-0.003482101117000213,1.0302142482698013
participation.state,RE_ACCUMULATION,10,12526,0.4584065144499441,0.017035167571765264,-0.005555136974430662,0.022314887446781194,1.0782741399558056
participation.state,RE_DISTRIBUTION,10,34268,0.4358877086494689,-0.005483638228709953,-0.007809917049599482,0.020060107371612373,0.9713054699997652
participation.state,SHORT_COVERING,10,62,0.3548387096774194,-0.08653263720075949,-0.030425464011833322,-0.002555439590621468,0.7030413647413546
participation.state,ACCUMULATION,20,5596,0.43459614010007147,0.00743199181934312,-0.014457728291150319,0.033198020718521265,1.032073812776169
participation.state,CAPITULATION,20,3262,0.42244022072348253,-0.004723927557245822,-0.51745210326495,-0.4697963542552784,0.9805111233618343
participation.state,DISTRIBUTION,20,42512,0.4296904403462552,0.0025262920655268473,-0.023427838154982655,0.024227910854688926,1.0147001825528261
participation.state,NEUTRAL,20,47111,0.4262061938825327,-0.0009579543981956262,-0.03739477076092711,0.010260978248744473,0.9942253405360638
participation.state,RE_ACCUMULATION,20,12514,0.4347930318043791,0.007628883523650765,-0.01562486593221884,0.03203088307745274,1.0346544686235872
participation.state,RE_DISTRIBUTION,20,34209,0.4218480516823058,-0.005316096598422526,-0.06428065738105566,-0.016624908371384084,0.9719578205657995
participation.state,SHORT_COVERING,20,61,0.39344262295081966,-0.033721525329908686,-0.0279063923835735,0.01974935662609808,0.8760808338102646
participation.score,0-20,5,16030,0.4550218340611354,-0.006314796201932149,-0.011909536998012747,0.012665919975648268,0.9718332894475104
participation.score,20-40,5,54959,0.45200967994323044,-0.009326950319837102,-0.03532132724755328,-0.010745870273892268,0.941454001651984
participation.score,40-60,5,59283,0.4663394227687533,0.005002792505685749,-0.023741490789321813,0.0008339661843392021,1.0345355276283577
participation.score,60-80,5,14001,0.4805371044925362,0.01920047422946869,-0.0026754560713401635,0.021900000902320853,1.089043423059627
participation.score,80-100,5,1317,0.49810174639331817,0.03676511613025063,-0.0006683520127062712,0.023907104960954745,1.1603539056680183
participation.score,0-20,10,16022,0.43302958432155786,-0.008341762556621002,-0.019718186996067134,0.00815183742514472,0.9626424492951111
participation.score,20-40,10,54911,0.43384749867968164,-0.007523848198497218,-0.038011558830961946,-0.010141534409750092,0.9521349961690211
participation.score,40-60,10,59246,0.44499206697498567,0.0036207200968068065,-0.026393062089920424,0.0014769623312914301,1.0250761985816559
participation.score,60-80,10,13996,0.4647756501857674,0.023404303307588525,-0.004778249427979914,0.02309177499323194,1.1102494317670761
participation.score,80-100,10,1317,0.44495064540622625,0.003579298528047392,-0.016042793089972803,0.01182723133123905,1.0149149081368363
participation.score,0-20,20,16001,0.44222236110243107,0.015058212821702721,-0.03283734068997531,0.014818408319696268,1.071347741425748
participation.score,20-40,20,54816,0.4218476357267951,-0.005316512553933228,-0.07644073549993945,-0.028784986490267866,0.9656876582559679
participation.score,40-60,20,59147,0.42568515731989787,-0.001478990960830484,-0.03331048501197829,0.014345263997693293,0.9898566182113585
participation.score,60-80,20,13985,0.435538076510547,0.008373928229818639,-0.01465020082906575,0.03300554818060583,1.0385267823502928
participation.score,80-100,20,1316,0.4430091185410334,0.01584497026030507,-0.024322506646614523,0.023333242363057057,1.067412653200198
participation.conviction,0-20,5,59257,0.46639215620095514,0.005055525937887606,-0.023744180403760282,0.0008312765699007331,1.0348950548441194
participation.conviction,20-40,5,44237,0.45959264868775007,-0.001743981575317466,-0.04265572280877044,-0.018080265835109424,0.9899702866854491
participation.conviction,40-60,5,24737,0.4544609289727938,-0.006875701290273761,-0.0037221068260019493,0.020853350147659065,0.9671946048770939
participation.conviction,60-80,5,10839,0.4572377525601993,-0.004098877702868264,-0.006691362078773727,0.01788409489488729,0.982340823242251
participation.conviction,80-100,5,6520,0.4601226993865031,-0.0012139308765644619,-0.01830816604164589,0.0062672909320151265,0.994921556760378
participation.conviction,0-20,10,59220,0.4450354609929078,0.0036641141147289447,-0.02639705717039666,0.0014729672508151936,1.0253726737579567
participation.conviction,20-40,10,44205,0.44280058816875917,0.0014292412905803076,-0.04420028402350675,-0.016330259602294898,1.0083625889720433
participation.conviction,40-60,10,24716,0.43534552516588443,-0.006025821712294432,-0.008101088935844547,0.019768935485367307,0.9709631421510484
participation.conviction,60-80,10,10833,0.4297055294009046,-0.011665817477274243,-0.01318054104894483,0.014689483372267024,0.9500553677913209
participation.conviction,80-100,10,6518,0.44062595888309297,-0.0007453879950858888,-0.02987833643438303,-0.0020083120131711776,0.9968746948834812
participation.conviction,0-20,20,59121,0.4257539622130884,-0.0014101860676399292,-0.03331223931788524,0.01434350969178634,0.9903292574239199
participation.conviction,20-40,20,44140,0.4261667421839601,-0.0009974060967682385,-0.08977611468351811,-0.04212036567384653,0.9941647158966953
participation.conviction,40-60,20,24675,0.4218439716312057,-0.005320176649522668,-0.017499582073010805,0.030156166936660775,0.9741263353010375
participation.conviction,60-80,20,10816,0.4312130177514793,0.004048869470750949,-0.021021979005472036,0.026633770004199545,1.0180428541684938
participation.conviction,80-100,20,6513,0.4601566098572087,0.032992461576480336,-0.05087760854782407,-0.0032218595381524884,1.1503577363837327
participation.deterioration_risk,0-20,5,107865,0.46505353914615494,0.0037169088830873998,-0.03050613698475949,-0.0059306800110984735,1.0594903935699367
participation.deterioration_risk,20-40,5,31645,0.44917048506873125,-0.012166145194336286,-0.005325534017972781,0.019249922955688233,0.9392774888536533
participation.deterioration_risk,40-60,5,6080,0.4587171052631579,-0.0026195249999096393,-0.01955095245649674,0.005024504517164276,0.9890813641927324
participation.deterioration_risk,0-20,10,107796,0.44471037886377973,0.003339031985600871,-0.03292608785501859,-0.005056063433806737,1.0537395481685792
participation.deterioration_risk,20-40,10,31618,0.43029287114934534,-0.011078475728833526,-0.010020869775425188,0.017849154645786666,0.9441052422063826
participation.deterioration_risk,40-60,10,6078,0.4397828232971372,-0.0015885235810416676,-0.03105053736623321,-0.0031805129450213562,0.9933348057333355
participation.deterioration_risk,0-20,20,107629,0.42588893328006394,-0.0012752150006644092,-0.055799496237351025,-0.008143747227679445,0.9800951724678676
participation.deterioration_risk,20-40,20,31562,0.4250681198910082,-0.0020960283897201726,-0.0190228600767934,0.02863288893287818,0.9891181433459317
participation.deterioration_risk,40-60,20,6074,0.46065195917023377,0.03348781088950542,-0.05213514810937534,-0.004479399099703761,1.1522437549073306
institutional_volume.state,MISSING,5,145590,0.46133663026306754,0.0,-0.024575456973661015,0.0,
institutional_volume.state,MISSING,10,145492,0.44137134687817886,0.0,-0.027870024421211854,0.0,
institutional_volume.state,MISSING,20,145265,0.42716414828072835,0.0,-0.04765574900967158,0.0,
institutional_volume.score,MISSING,5,145590,0.46133663026306754,0.0,-0.024575456973661015,0.0,
institutional_volume.score,MISSING,10,145492,0.44137134687817886,0.0,-0.027870024421211854,0.0,
institutional_volume.score,MISSING,20,145265,0.42716414828072835,0.0,-0.04765574900967158,0.0,
scores.trend,MISSING,5,145590,0.46133663026306754,0.0,-0.024575456973661015,0.0,
scores.trend,MISSING,10,145492,0.44137134687817886,0.0,-0.027870024421211854,0.0,
scores.trend,MISSING,20,145265,0.42716414828072835,0.0,-0.04765574900967158,0.0,
scores.momentum,MISSING,5,145590,0.46133663026306754,0.0,-0.024575456973661015,0.0,
scores.momentum,MISSING,10,145492,0.44137134687817886,0.0,-0.027870024421211854,0.0,
scores.momentum,MISSING,20,145265,0.42716414828072835,0.0,-0.04765574900967158,0.0,
scores.structure,MISSING,5,145590,0.46133663026306754,0.0,-0.024575456973661015,0.0,
scores.structure,MISSING,10,145492,0.44137134687817886,0.0,-0.027870024421211854,0.0,
scores.structure,MISSING,20,145265,0.42716414828072835,0.0,-0.04765574900967158,0.0,
scores.participation,MISSING,5,145590,0.46133663026306754,0.0,-0.024575456973661015,0.0,
scores.participation,MISSING,10,145492,0.44137134687817886,0.0,-0.027870024421211854,0.0,
scores.participation,MISSING,20,145265,0.42716414828072835,0.0,-0.04765574900967158,0.0,
scores.confidence,60-80,5,2523,0.4157748711850971,-0.04556175907797044,-0.006667404968234405,0.01790805200542661,0.8283858810860876
scores.confidence,80-100,5,143067,0.46214011616934725,0.0008034859062797106,-0.02489126715497256,-0.00031581018131154534,1.207166880595443
scores.confidence,60-80,10,2523,0.40665873959571935,-0.03471260728245951,-0.013479613020266673,0.01439041140094518,0.8654293924990495
scores.confidence,80-100,10,142969,0.4419839265854836,0.0006125797073047168,-0.028123974633947446,-0.00025395021273559235,1.1554957673812751
scores.confidence,60-80,20,2523,0.3476020610384463,-0.07956208724228203,-0.031414764481526414,0.016240984528145166,0.7105996906546789
scores.confidence,80-100,20,142742,0.42857042776477844,0.001406279484050088,-0.0479428124105243,-0.00028706340085272314,1.4072620818040256
timeframe_states.1d.direction,BEARISH,5,51458,0.4593649189630378,-0.0019717113000297104,-0.0031671326762249285,0.021408324297436086,0.987803180501008
timeframe_states.1d.direction,NEUTRAL,5,2706,0.4490022172949002,-0.012334412968167341,-0.0047529146222197545,0.01982254235144126,0.9506540845346209
timeframe_states.1d.direction,STRONG_BEARISH,5,81489,0.46319135097988684,0.0018547207168193025,-0.041209015974282864,-0.01663355900062185,1.0170967470849115
timeframe_states.1d.direction,WEAK_BEARISH,5,5492,0.45957756737072103,-0.001759062892346508,-0.004217142671612501,0.020358314302048514,0.9926972860000418
timeframe_states.1d.direction,WEAK_BULLISH,5,4445,0.45984251968503936,-0.0014941105780281738,-0.004693595116665414,0.0198818618569956,0.9938510924817637
timeframe_states.1d.direction,BEARISH,10,51415,0.44593990080715745,0.0045685539289785915,-0.005627841694235241,0.022242182726976614,1.0290577524880404
timeframe_states.1d.direction,NEUTRAL,10,2705,0.4609981515711645,0.019626804692985667,-0.00822882783740654,0.019641196583805316,1.0841950944994856
timeframe_states.1d.direction,STRONG_BEARISH,10,81451,0.43776012571975786,-0.0036112211584209963,-0.0450267965446422,-0.017156772123430346,0.9672796953994099
timeframe_states.1d.direction,WEAK_BEARISH,10,5484,0.4485776805251641,0.007206333646985252,-0.007609474540708723,0.02026054988050313,1.0308259121931258
timeframe_states.1d.direction,WEAK_BULLISH,10,4437,0.43385170160018033,-0.007519645277998532,-0.007672564647906981,0.020197459773304872,0.9690343766905899
timeframe_states.1d.direction,BEARISH,20,51324,0.4319226872418362,0.004758538961107839,-0.011663199743194363,0.035992549266477214,1.0305112182004998
timeframe_states.1d.direction,NEUTRAL,20,2701,0.45797852647167714,0.030814378190948788,-0.008886379367051087,0.038769369642620496,1.1358648362359127
timeframe_states.1d.direction,STRONG_BEARISH,20,81346,0.4227620288643572,-0.004402119416371142,-0.07576084674305773,-0.028105097733386153,0.9599512983406603
timeframe_states.1d.direction,WEAK_BEARISH,20,5476,0.43133674214755297,0.004172593866824614,-0.015102102874421078,0.032553646135250504,1.0179069281534419
timeframe_states.1d.direction,WEAK_BULLISH,20,4418,0.4289271163422363,0.0017629680615079413,-0.012351120665156713,0.035304628344514866,1.0075186790279507
timeframe_states.1d.confidence,80-100,5,145590,0.46133663026306754,0.0,-0.024575456973661015,0.0,
timeframe_states.1d.confidence,80-100,10,145492,0.44137134687817886,0.0,-0.027870024421211854,0.0,
timeframe_states.1d.confidence,80-100,20,145265,0.42716414828072835,0.0,-0.04765574900967158,0.0,
timeframe_states.1w.direction,BEARISH,5,27411,0.45992484768888403,-0.0014117825741835066,-0.0023749894449268277,0.022200467528734186,0.9930289935211148
timeframe_states.1w.direction,BULLISH,5,2898,0.4644582470669427,0.0031216168038751824,-0.0037596919831921526,0.020815764990468864,1.0129419957496515
timeframe_states.1w.direction,NEUTRAL,5,2988,0.464190093708166,0.0028534634450984586,-0.002498434196213808,0.022077022777447206,1.0118347022894776
timeframe_states.1w.direction,STRONG_BEARISH,5,98592,0.4616703180785459,0.00033368781547837845,-0.03504842720447311,-0.010472970230812097,1.0041667425358762
timeframe_states.1w.direction,STRONG_BULLISH,5,1204,0.45348837209302323,-0.007848258170044309,-0.007752258710479036,0.01682319826318198,0.9687663661527521
timeframe_states.1w.direction,WEAK_BEARISH,5,7430,0.4604306864064603,-0.0009059438566072497,-0.0023620860555231445,0.02221337091813787,0.9961854602190869
timeframe_states.1w.direction,WEAK_BULLISH,5,5067,0.46220643378725085,0.0008698035241833102,-0.002388096023574957,0.022187360950086058,1.003661461521514
timeframe_states.1w.direction,BEARISH,10,27390,0.4443957648776926,0.003024417999513751,-0.004517812926354253,0.0233522114948576,1.0152238268586278
timeframe_states.1w.direction,BULLISH,10,2897,0.45875043148084227,0.01737908460266341,-0.006272580428079746,0.02159744399313211,1.0743458849680911
timeframe_states.1w.direction,NEUTRAL,10,2986,0.45244474212993974,0.011073395251760876,-0.004954736123746457,0.0229152882974654,1.046869527911808
timeframe_states.1w.direction,STRONG_BEARISH,10,98532,0.4389132464580035,-0.0024581004201753576,-0.03874226732412672,-0.010872242902914869,0.9696009544341682
timeframe_states.1w.direction,STRONG_BULLISH,10,1204,0.4642857142857143,0.02291436740753544,-0.013661879365385857,0.014208145055825997,1.0978904431219638
timeframe_states.1w.direction,WEAK_BEARISH,10,7420,0.44716981132075473,0.005798464442575868,-0.004614088861091501,0.02325593556012035,1.025086375003748
timeframe_states.1w.direction,WEAK_BULLISH,10,5063,0.44242543946276913,0.0010540925845902716,-0.005948580562184901,0.021921443859026953,1.0044826338440707
timeframe_states.1w.direction,BEARISH,20,27348,0.4366315635512652,0.00946741527053685,-0.008806516050365447,0.03884923295930613,1.0487226106260081
timeframe_states.1w.direction,BULLISH,20,2894,0.43711126468555633,0.009947116404827983,-0.013100723833613857,0.03455502517605773,1.0423202095186572
timeframe_states.1w.direction,NEUTRAL,20,2983,0.43513241702983574,0.007968268749107388,-0.011535630498321793,0.03612011851134979,1.0338182585862539
timeframe_states.1w.direction,STRONG_BEARISH,20,98386,0.4239322667859248,-0.0032318814948035235,-0.06549360449052676,-0.017837855480855175,0.959935971854889
timeframe_states.1w.direction,STRONG_BULLISH,20,1201,0.41881765195670273,-0.00834649632402562,-0.02548009024364194,0.02217565876602964,0.9663714052501567
timeframe_states.1w.direction,WEAK_BEARISH,20,7394,0.4331890722207195,0.006024923939991156,-0.009067957140263913,0.03858779186940767,1.0262738090361305
timeframe_states.1w.direction,WEAK_BULLISH,20,5059,0.4216248270409172,-0.005539321239811157,-0.013489555942068156,0.03416619306760342,0.9768409853868139
timeframe_states.1w.confidence,60-80,5,5729,0.45452958631523827,-0.006807043947829272,-0.007053242229183612,0.017522214744477405,0.9718888777214812
timeframe_states.1w.confidence,80-100,5,139861,0.46161546106491447,0.0002788308018469299,-0.02529320365265747,-0.0007177466789964546,1.0289242144065103
timeframe_states.1w.confidence,60-80,10,5729,0.4489439692791063,0.007572622400927431,-0.012446495913193061,0.015423528508018793,1.0324692948143066
timeframe_states.1w.confidence,80-100,10,139763,0.4410609388750957,-0.0003104080030831846,-0.028502247504735005,-0.0006322230835231514,0.9685518058722062
timeframe_states.1w.confidence,60-80,20,5726,0.4271742926999651,1.0144419236746138e-05,-0.02390791242576109,0.02374783658391049,1.0000929967348617
timeframe_states.1w.confidence,80-100,20,139539,0.42716373200323926,-4.1627748909034423e-07,-0.04863024440006028,-0.0009744953903886994,0.9999070119127267
timeframe_states.1mo.direction,BEARISH,5,9705,0.45131375579598143,-0.010022874467086107,-0.003154113709014528,0.021421343264646488,0.957660176073039
timeframe_states.1mo.direction,BULLISH,5,10490,0.4581506196377502,-0.003186010625317315,-0.0030477188490398406,0.021527738124621176,0.9862871369304413
timeframe_states.1mo.direction,MISSING,5,2859,0.4879328436516264,0.026596213388558887,-0.008154994797189476,0.01642046217647154,1.114989040953411
timeframe_states.1mo.direction,NEUTRAL,5,2462,0.46588139723801786,0.0045447669749503206,-0.0013696467648144303,0.023205810208846586,1.0188200847987254
timeframe_states.1mo.direction,STRONG_BEARISH,5,65596,0.46883956338801147,0.0075029331249439335,-0.050006837488429115,-0.0254313805147681,1.0564793268989547
timeframe_states.1mo.direction,STRONG_BULLISH,5,46775,0.45269909139497594,-0.008637538868091599,-0.0038881566788315424,0.020687300294829472,0.9500425289264689
timeframe_states.1mo.direction,WEAK_BEARISH,5,3510,0.4527065527065527,-0.008630077556514848,-0.00404027722549455,0.020535179748166467,0.9650428373949723
timeframe_states.1mo.direction,WEAK_BULLISH,5,4193,0.45790603386596707,-0.0034305963971004716,-0.0029510904979640523,0.021624366475696963,0.9859175453472347
timeframe_states.1mo.direction,BEARISH,10,9699,0.4390143313743685,-0.0023570155038103446,-0.005503752469480243,0.02236627195173161,0.9898281784323164
timeframe_states.1mo.direction,BULLISH,10,10484,0.4369515452117512,-0.004419801666427636,-0.006610045742293245,0.021259978678918608,0.9808711045714342
timeframe_states.1mo.direction,MISSING,10,2859,0.478139209513816,0.03676786263563714,-0.013388373858373218,0.014481650562838635,1.1631338526484187
timeframe_states.1mo.direction,NEUTRAL,10,2462,0.44191714053614944,0.0005457936579705835,-0.004051142802600541,0.02381888161861131,1.0023481354222923
timeframe_states.1mo.direction,STRONG_BEARISH,10,65550,0.44918382913806254,0.00781248225988368,-0.05321051665062051,-0.025340492229408654,1.0593458609368722
timeframe_states.1mo.direction,STRONG_BULLISH,10,46744,0.4315206229676536,-0.009850723910525272,-0.0074864299929467805,0.020383594428265074,0.9427640315628271
timeframe_states.1mo.direction,WEAK_BEARISH,10,3503,0.4302026834142164,-0.011168663463962447,-0.006851951672844815,0.02101807274836704,0.9545991618214453
timeframe_states.1mo.direction,WEAK_BULLISH,10,4191,0.4294917680744452,-0.011879578803733637,-0.005257997408189481,0.022612027013022375,0.9515256744289903
timeframe_states.1mo.direction,BEARISH,20,9687,0.42056364199442553,-0.006600506286302821,-0.012066324822643706,0.035589424187027874,0.97148956354692
timeframe_states.1mo.direction,BULLISH,20,10473,0.4233743912918934,-0.003789756988834936,-0.012483661587359985,0.03517208742231159,0.9834573945418208
timeframe_states.1mo.direction,MISSING,20,2856,0.48564425770308123,0.05848010942235288,-0.02049151437398632,0.02716423463568526,1.2722725636134846
timeframe_states.1mo.direction,NEUTRAL,20,2458,0.40602115541090317,-0.021142992869825183,-0.014654118392112711,0.03300163061755887,0.9154511688053586
timeframe_states.1mo.direction,STRONG_BEARISH,20,65450,0.4341787624140565,0.007014614133328156,-0.08726160852825852,-0.039605859518586944,1.0535419976983538
timeframe_states.1mo.direction,STRONG_BULLISH,20,46661,0.4188508604616275,-0.008313287819100845,-0.01634852930576075,0.03130721970391083,0.9511190949950944
timeframe_states.1mo.direction,WEAK_BEARISH,20,3493,0.4159748067563699,-0.011189341524358465,-0.012328932728171602,0.03532681628149998,0.954165409025473
timeframe_states.1mo.direction,WEAK_BULLISH,20,4187,0.41676618103654167,-0.010397967244186679,-0.015133735213406028,0.032522013796265556,0.9571325886934543
timeframe_states.1mo.confidence,60-80,5,142731,0.46080388983472403,-0.0005327404283435033,-0.02490437011350123,-0.0003289131398402159,0.8968698016483773
timeframe_states.1mo.confidence,MISSING,5,2859,0.4879328436516264,0.026596213388558887,-0.008154994797189476,0.01642046217647154,1.114989040953411
timeframe_states.1mo.confidence,60-80,10,142633,0.44063435530347117,-0.0007369915747076905,-0.028160301138094698,-0.0002902767168828438,0.8597462774581204
timeframe_states.1mo.confidence,MISSING,10,2859,0.478139209513816,0.03676786263563714,-0.013388373858373218,0.014481650562838635,1.1631338526484187
timeframe_states.1mo.confidence,60-80,20,142409,0.42599133481732193,-0.0011728134634064191,-0.0482005253518936,-0.0005447763422220184,0.7859950993203995
timeframe_states.1mo.confidence,MISSING,20,2856,0.48564425770308123,0.05848010942235288,-0.02049151437398632,0.02716423463568526,1.2722725636134846
decision_intelligence.decision,BLOCK,5,95,0.4631578947368421,0.0018212644737745642,-0.004705540775384323,0.01986991619827669,1.0089134233995445
decision_intelligence.decision,ELIGIBLE,5,2639,0.4683592269799166,0.007022596716849072,-0.6556998626247481,-0.6311244056510871,1.0292178428749772
decision_intelligence.decision,PRIORITIZE,5,1,0.0,-0.46133663026306754,-0.030786621450894502,-0.006211164477233487,0.3891994769217789
decision_intelligence.decision,WATCH,5,142855,0.461208918133772,-0.00012771212929552078,-0.012929691157702105,0.01164576581595891,0.9729945313028967
decision_intelligence.decision,BLOCK,10,95,0.5157894736842106,0.07441812680603171,0.004201548243031697,0.03207157266424355,1.3475852638696355
decision_intelligence.decision,ELIGIBLE,10,2639,0.4482758620689655,0.006904515190786664,-0.6350963153334834,-0.6072262909122715,1.0289654553019667
decision_intelligence.decision,PRIORITIZE,10,1,0.0,-0.44137134687817886,-0.060708823724981986,-0.032838799303770136,0.4218827456079564
decision_intelligence.decision,WATCH,10,142757,0.44119727929278424,-0.00017406758539462164,-0.016665976836058402,0.011204047585153452,0.9631447102560442
decision_intelligence.decision,BLOCK,20,95,0.47368421052631576,0.04652006224558741,0.003192087531573232,0.05084783654124481,1.208393986195378
decision_intelligence.decision,ELIGIBLE,20,2631,0.3990877993158495,-0.028076348964878872,-0.6576961849706537,-0.6100404359609821,0.8888783407250883
decision_intelligence.decision,PRIORITIZE,20,1,0.0,-0.42716414828072835,-0.011170955515659386,0.036484793494012194,0.44700052375005034
decision_intelligence.decision,WATCH,20,142538,0.4276543798846623,0.000490231603933966,-0.0364296243429267,0.011226124666744879,1.1134642281161926
decision_intelligence.state,MISSING,5,145590,0.46133663026306754,0.0,-0.024575456973661015,0.0,
decision_intelligence.state,MISSING,10,145492,0.44137134687817886,0.0,-0.027870024421211854,0.0,
decision_intelligence.state,MISSING,20,145265,0.42716414828072835,0.0,-0.04765574900967158,0.0,
trade_plan.certification.status,FAIL,5,95,0.4631578947368421,0.0018212644737745642,-0.004705540775384323,0.01986991619827669,1.0089134233995445
trade_plan.certification.status,PASS,5,145495,0.4613354410804495,-1.1891826180443488e-06,-0.024588430904303564,-1.2973930642548592e-05,0.9911653238099355
trade_plan.certification.status,FAIL,10,95,0.5157894736842106,0.07441812680603171,0.004201548243031697,0.03207157266424355,1.3475852638696355
trade_plan.certification.status,PASS,10,145397,0.4413227233024065,-4.862357577234411e-05,-0.027890979457444395,-2.0955036232540858e-05,0.7420680730275033
trade_plan.certification.status,FAIL,20,95,0.47368421052631576,0.04652006224558741,0.003192087531573232,0.05084783654124481,1.208393986195378
trade_plan.certification.status,PASS,20,145170,0.4271337053110147,-3.0442969713662116e-05,-0.047689024097302773,-3.3275087631193245e-05,0.8275446679013148
