symbol,quote_date,governance_status,overall_coverage_score,contract_count,call_count,put_count,call_put_ratio,call_put_balance_score,expiration_count,expiration_coverage_score,distinct_strike_count,strike_surface_score,minimum_expiration,maximum_expiration,minimum_dte,maximum_dte,governance_reasons
A,2026-07-20,FAILED,0.484,3,1,2,0.5,0.666667,1,0.5,3,0.713333,2026-08-21,2026-08-21,32,32,contracts 3 < 10
AAPL,2026-07-20,READY,0.965903,233,119,114,1.043859649122807,0.978541,8,1.0,54,0.897074,2026-07-27,2026-09-18,7,60,
ABBV,2026-07-20,FAILED,0.6183,8,3,5,0.6,0.75,5,1.0,7,0.452667,2026-07-31,2026-09-18,11,60,contracts 8 < 10
ABNB,2026-07-20,REVIEW,0.844577,22,13,9,1.4444444444444444,0.818182,5,1.0,14,0.572833,2026-07-31,2026-09-18,11,60,strike surface 0.573 < 0.700
ABT,2026-07-20,REVIEW,0.810082,17,11,6,1.8333333333333333,0.705882,5,1.0,12,0.664,2026-07-31,2026-09-18,11,60,contracts 17 < 20 | strike surface 0.664 < 0.700
ACGL,2026-07-20,FAILED,0.248,1,1,0,inf,0.0,1,0.5,1,0.36,2026-09-18,2026-09-18,60,60,contracts 1 < 10 | overall score 0.248 < 0.450
ACN,2026-07-20,REVIEW,0.788771,14,8,6,1.3333333333333333,0.857143,5,1.0,11,0.667333,2026-07-31,2026-09-18,11,60,contracts 14 < 20 | strike surface 0.667 < 0.700
ADBE,2026-07-20,READY,0.894809,49,27,22,1.2272727272727273,0.897959,6,1.0,31,0.700383,2026-07-31,2026-09-18,11,60,
ADI,2026-07-20,FAILED,0.586833,6,2,4,0.5,0.666667,3,1.0,6,0.489444,2026-08-14,2026-08-28,25,39,contracts 6 < 10
ADM,2026-07-20,FAILED,0.621,4,2,2,1.0,1.0,2,1.0,4,0.536666,2026-08-21,2026-09-18,32,60,contracts 4 < 10
ADP,2026-07-20,FAILED,0.599,4,2,2,1.0,1.0,3,1.0,3,0.463333,2026-08-14,2026-08-28,25,39,contracts 4 < 10
ADSK,2026-07-20,FAILED,0.526,4,3,1,3.0,0.5,2,1.0,4,0.47,2026-07-31,2026-08-21,11,32,contracts 4 < 10
AEP,2026-07-20,FAILED,0.495875,5,4,1,4.0,0.4,1,0.5,5,0.78625,2026-08-21,2026-08-21,32,32,contracts 5 < 10
AES,2026-07-20,REVIEW,0.78075,16,5,11,0.45454545454545453,0.625,5,1.0,8,0.656667,2026-07-31,2026-09-18,11,60,contracts 16 < 20 | call/put balance 0.625 < 0.700 | strike surface 0.657 < 0.700
AFL,2026-07-20,FAILED,0.4825,5,5,0,inf,0.0,2,1.0,4,0.525,2026-08-14,2026-08-21,25,32,contracts 5 < 10
AGG,2026-07-20,FAILED,0.248,1,0,1,0.0,0.0,1,0.5,1,0.36,2026-09-18,2026-09-18,60,60,contracts 1 < 10 | overall score 0.248 < 0.450
AIG,2026-07-20,FAILED,0.5495,3,1,2,0.5,0.666667,2,1.0,3,0.515,2026-07-31,2026-08-21,11,32,contracts 3 < 10
AIZ,2026-07-20,FAILED,0.248,1,1,0,inf,0.0,1,0.5,1,0.36,2026-08-21,2026-08-21,32,32,contracts 1 < 10 | overall score 0.248 < 0.450
AJG,2026-07-20,FAILED,0.296,2,0,2,0.0,0.0,1,0.5,2,0.47,2026-08-21,2026-08-21,32,32,contracts 2 < 10 | overall score 0.296 < 0.450
AKAM,2026-07-20,FAILED,0.5145,6,1,5,0.2,0.333333,4,1.0,6,0.415,2026-07-31,2026-09-18,11,60,contracts 6 < 10
ALAB,2026-07-20,FAILED,0.614333,6,2,4,0.5,0.666667,3,1.0,6,0.581111,2026-07-31,2026-08-21,11,32,contracts 6 < 10
ALB,2026-07-20,FAILED,0.388,2,0,2,0.0,0.0,2,1.0,2,0.36,2026-08-14,2026-08-21,25,32,contracts 2 < 10 | overall score 0.388 < 0.450
ALGN,2026-07-20,FAILED,0.388,2,2,0,inf,0.0,2,1.0,1,0.36,2026-07-31,2026-08-21,11,32,contracts 2 < 10 | overall score 0.388 < 0.450
ALL,2026-07-20,FAILED,0.248,1,1,0,inf,0.0,1,0.5,1,0.36,2026-08-21,2026-08-21,32,32,contracts 1 < 10 | overall score 0.248 < 0.450
ALLE,2026-07-20,FAILED,0.248,1,1,0,inf,0.0,1,0.5,1,0.36,2026-08-21,2026-08-21,32,32,contracts 1 < 10 | overall score 0.248 < 0.450
ALNY,2026-07-20,FAILED,0.7075,6,3,3,1.0,1.0,2,1.0,5,0.725,2026-08-21,2026-09-18,32,60,contracts 6 < 10
AMAT,2026-07-20,REVIEW,0.865572,28,16,12,1.3333333333333333,0.857143,5,1.0,23,0.623334,2026-07-31,2026-09-18,11,60,strike surface 0.623 < 0.700
AMD,2026-07-20,READY,0.920419,146,87,59,1.4745762711864407,0.808219,6,1.0,66,0.830619,2026-07-27,2026-09-18,7,60,
AME,2026-07-20,FAILED,0.484,3,2,1,2.0,0.666667,1,0.5,3,0.713333,2026-08-21,2026-08-21,32,32,contracts 3 < 10
AMGN,2026-07-20,REVIEW,0.694333,12,8,4,2.0,0.666667,6,1.0,9,0.547778,2026-07-31,2026-09-18,11,60,contracts 12 < 20 | call/put balance 0.667 < 0.700 | strike surface 0.548 < 0.700 | overall score 0.694 < 0.750
AMT,2026-07-20,FAILED,0.344,3,0,3,0.0,0.0,1,0.5,3,0.58,2026-08-21,2026-08-21,32,32,contracts 3 < 10 | overall score 0.344 < 0.450
AMZN,2026-07-20,READY,0.91551,152,91,61,1.4918032786885247,0.802632,7,1.0,45,0.817051,2026-07-27,2026-09-18,7,60,
ANET,2026-07-20,REVIEW,0.855474,25,17,8,2.125,0.64,4,1.0,17,0.698246,2026-07-31,2026-09-18,11,60,call/put balance 0.640 < 0.700 | strike surface 0.698 < 0.700
AOS,2026-07-20,FAILED,0.484,3,2,1,2.0,0.666667,1,0.5,3,0.713333,2026-08-21,2026-08-21,32,32,contracts 3 < 10
APA,2026-07-20,REVIEW,0.781385,13,8,5,1.6,0.769231,3,1.0,9,0.736667,2026-07-31,2026-09-18,11,60,contracts 13 < 20
APD,2026-07-20,FAILED,0.248,1,1,0,inf,0.0,1,0.5,1,0.36,2026-08-21,2026-08-21,32,32,contracts 1 < 10 | overall score 0.248 < 0.450
APH,2026-07-20,FAILED,0.66925,8,6,2,3.0,0.5,2,1.0,7,0.7475,2026-08-21,2026-09-18,32,60,contracts 8 < 10
APO,2026-07-20,FAILED,0.612771,7,3,4,0.75,0.857143,5,1.0,6,0.430667,2026-07-31,2026-09-18,11,60,contracts 7 < 10
APP,2026-07-20,FAILED,0.6175,5,2,3,0.6666666666666666,0.8,2,1.0,5,0.575,2026-07-31,2026-09-18,11,60,contracts 5 < 10
APTV,2026-07-20,FAILED,0.506,2,1,1,1.0,1.0,1,0.5,2,0.67,2026-08-21,2026-08-21,32,32,contracts 2 < 10
ARE,2026-07-20,FAILED,0.484,3,2,1,2.0,0.666667,1,0.5,3,0.713333,2026-08-21,2026-08-21,32,32,contracts 3 < 10
ARES,2026-07-20,FAILED,0.504,4,3,1,3.0,0.5,3,1.0,4,0.396667,2026-07-31,2026-09-18,11,60,contracts 4 < 10
ARKK,2026-07-20,READY,0.894633,31,12,19,0.631578947368421,0.774194,5,1.0,24,0.761679,2026-07-31,2026-09-18,11,60,
ARM,2026-07-20,REVIEW,0.860486,15,9,6,1.5,0.8,3,1.0,11,0.884954,2026-07-31,2026-09-18,11,60,contracts 15 < 20
ASML,2026-07-20,REVIEW,0.655937,10,3,7,0.42857142857142855,0.6,4,1.0,10,0.553125,2026-07-31,2026-09-18,11,60,contracts 10 < 20 | call/put balance 0.600 < 0.700 | strike surface 0.553 < 0.700 | overall score 0.656 < 0.750
ATO,2026-07-20,FAILED,0.248,1,1,0,inf,0.0,1,0.5,1,0.36,2026-08-21,2026-08-21,32,32,contracts 1 < 10 | overall score 0.248 < 0.450
AVB,2026-07-20,FAILED,0.248,1,1,0,inf,0.0,1,0.5,1,0.36,2026-08-21,2026-08-21,32,32,contracts 1 < 10 | overall score 0.248 < 0.450
AVGO,2026-07-20,REVIEW,0.883375,90,52,38,1.368421052631579,0.844444,8,1.0,44,0.689028,2026-07-27,2026-09-18,7,60,strike surface 0.689 < 0.700
AWK,2026-07-20,FAILED,0.4825,5,5,0,inf,0.0,2,1.0,4,0.525,2026-08-21,2026-09-18,32,60,contracts 5 < 10
AXON,2026-07-20,FAILED,0.248,1,1,0,inf,0.0,1,0.5,1,0.36,2026-08-21,2026-08-21,32,32,contracts 1 < 10 | overall score 0.248 < 0.450
AXP,2026-07-20,REVIEW,0.763057,20,2,18,0.1111111111111111,0.2,5,1.0,16,0.61019,2026-07-31,2026-08-28,11,39,call/put balance 0.200 < 0.700 | strike surface 0.610 < 0.700
AZO,2026-07-20,FAILED,0.248,1,1,0,inf,0.0,1,0.5,1,0.36,2026-08-21,2026-08-21,32,32,contracts 1 < 10 | overall score 0.248 < 0.450
BA,2026-07-20,READY,0.925138,59,35,24,1.4583333333333333,0.813559,4,1.0,24,0.843679,2026-07-31,2026-09-18,11,60,
BAC,2026-07-20,READY,0.972826,52,26,26,1.0,1.0,5,1.0,23,0.90942,2026-07-31,2026-09-18,11,60,
BALL,2026-07-20,FAILED,0.5495,3,1,2,0.5,0.666667,2,1.0,3,0.515,2026-08-21,2026-09-18,32,60,contracts 3 < 10
BBY,2026-07-20,FAILED,0.643933,7,3,4,0.75,0.857143,3,1.0,6,0.534537,2026-07-31,2026-09-18,11,60,contracts 7 < 10
BDX,2026-07-20,FAILED,0.4195,3,3,0,inf,0.0,2,1.0,3,0.415,2026-08-21,2026-09-18,32,60,contracts 3 < 10 | overall score 0.419 < 0.450
BEN,2026-07-20,FAILED,0.344,3,3,0,inf,0.0,1,0.5,3,0.58,2026-08-21,2026-08-21,32,32,contracts 3 < 10 | overall score 0.344 < 0.450
BIIB,2026-07-20,FAILED,0.503,3,1,2,0.5,0.666667,3,1.0,3,0.36,2026-08-07,2026-09-18,18,60,contracts 3 < 10
BITO,2026-07-20,REVIEW,0.560167,10,9,1,9.0,0.2,5,1.0,7,0.433889,2026-07-31,2026-09-18,11,60,contracts 10 < 20 | call/put balance 0.200 < 0.700 | strike surface 0.434 < 0.700 | overall score 0.560 < 0.750
BKNG,2026-07-20,REVIEW,0.80625,14,7,7,1.0,1.0,5,1.0,10,0.654167,2026-07-31,2026-09-18,11,60,contracts 14 < 20 | strike surface 0.654 < 0.700
BKR,2026-07-20,FAILED,0.601,5,3,2,1.5,0.8,2,1.0,4,0.52,2026-08-21,2026-09-18,32,60,contracts 5 < 10
BLDR,2026-07-20,FAILED,0.736423,9,5,4,1.25,0.888889,2,1.0,7,0.726965,2026-08-21,2026-09-18,32,60,contracts 9 < 10
BLK,2026-07-20,FAILED,0.403,3,0,3,0.0,0.0,3,1.0,2,0.36,2026-07-31,2026-09-18,11,60,contracts 3 < 10 | overall score 0.403 < 0.450
BMY,2026-07-20,REVIEW,0.909952,18,7,11,0.6363636363636364,0.777778,3,1.0,12,0.910953,2026-07-31,2026-09-18,11,60,contracts 18 < 20
BNY,2026-07-20,FAILED,0.704,6,3,3,1.0,1.0,2,1.0,5,0.713333,2026-08-21,2026-09-18,32,60,contracts 6 < 10
BRO,2026-07-20,FAILED,0.248,1,1,0,inf,0.0,1,0.5,1,0.36,2026-08-21,2026-08-21,32,32,contracts 1 < 10 | overall score 0.248 < 0.450
BSX,2026-07-20,REVIEW,0.731143,12,8,4,2.0,0.666667,3,1.0,7,0.670476,2026-07-31,2026-09-18,11,60,contracts 12 < 20 | call/put balance 0.667 < 0.700 | strike surface 0.670 < 0.700 | overall score 0.731 < 0.750
BX,2026-07-20,REVIEW,0.824857,18,6,12,0.5,0.666667,5,1.0,11,0.682857,2026-07-31,2026-09-18,11,60,contracts 18 < 20 | call/put balance 0.667 < 0.700 | strike surface 0.683 < 0.700
BXP,2026-07-20,FAILED,0.248,1,0,1,0.0,0.0,1,0.5,1,0.36,2026-08-21,2026-08-21,32,32,contracts 1 < 10 | overall score 0.248 < 0.450
C,2026-07-20,REVIEW,0.880253,32,18,14,1.2857142857142858,0.875,4,1.0,16,0.663343,2026-07-31,2026-09-18,11,60,strike surface 0.663 < 0.700
CAH,2026-07-20,FAILED,0.248,1,1,0,inf,0.0,1,0.5,1,0.36,2026-07-31,2026-07-31,11,11,contracts 1 < 10 | overall score 0.248 < 0.450
CARR,2026-07-20,FAILED,0.5495,3,2,1,2.0,0.666667,2,1.0,3,0.515,2026-08-21,2026-09-18,32,60,contracts 3 < 10
CASY,2026-07-20,FAILED,0.296,2,0,2,0.0,0.0,1,0.5,2,0.47,2026-08-21,2026-08-21,32,32,contracts 2 < 10 | overall score 0.296 < 0.450
CAT,2026-07-20,FAILED,0.49253,7,0,7,0.0,0.0,3,1.0,7,0.458433,2026-07-31,2026-09-18,11,60,contracts 7 < 10
CB,2026-07-20,FAILED,0.556,4,3,1,3.0,0.5,2,1.0,4,0.57,2026-08-21,2026-09-18,32,60,contracts 4 < 10
CBRE,2026-07-20,FAILED,0.248,1,1,0,inf,0.0,1,0.5,1,0.36,2026-08-21,2026-08-21,32,32,contracts 1 < 10 | overall score 0.248 < 0.450
CCI,2026-07-20,FAILED,0.506,2,1,1,1.0,1.0,1,0.5,2,0.67,2026-08-21,2026-08-21,32,32,contracts 2 < 10
CCL,2026-07-20,REVIEW,0.852844,24,16,8,2.0,0.666667,4,1.0,15,0.676146,2026-07-31,2026-09-18,11,60,call/put balance 0.667 < 0.700 | strike surface 0.676 < 0.700
CDNS,2026-07-20,FAILED,0.662238,7,4,3,1.3333333333333333,0.857143,3,1.0,6,0.595555,2026-08-21,2026-09-18,32,60,contracts 7 < 10
CDW,2026-07-20,FAILED,0.506,2,1,1,1.0,1.0,1,0.5,2,0.67,2026-09-18,2026-09-18,60,60,contracts 2 < 10
CEG,2026-07-20,FAILED,0.616771,7,3,4,0.75,0.857143,5,1.0,6,0.444,2026-07-31,2026-09-18,11,60,contracts 7 < 10
CF,2026-07-20,REVIEW,0.739614,11,5,6,0.8333333333333334,0.909091,4,1.0,9,0.6275,2026-07-31,2026-09-18,11,60,contracts 11 < 20 | strike surface 0.627 < 0.700 | overall score 0.740 < 0.750
CFG,2026-07-20,FAILED,0.6045,4,2,2,1.0,1.0,2,1.0,2,0.481666,2026-08-21,2026-09-18,32,60,contracts 4 < 10
CHD,2026-07-20,FAILED,0.248,1,1,0,inf,0.0,1,0.5,1,0.36,2026-08-21,2026-08-21,32,32,contracts 1 < 10 | overall score 0.248 < 0.450
CHRW,2026-07-20,FAILED,0.296,2,0,2,0.0,0.0,1,0.5,2,0.47,2026-08-21,2026-08-21,32,32,contracts 2 < 10 | overall score 0.296 < 0.450
CHTR,2026-07-20,FAILED,0.6303,8,5,3,1.6666666666666667,0.75,5,1.0,8,0.492667,2026-07-31,2026-09-18,11,60,contracts 8 < 10
CI,2026-07-20,FAILED,0.608,5,2,3,0.6666666666666666,0.8,1,0.5,5,0.96,2026-09-18,2026-09-18,60,60,contracts 5 < 10
CIEN,2026-07-20,FAILED,0.573738,6,2,4,0.5,0.666667,3,1.0,6,0.445794,2026-07-31,2026-09-18,11,60,contracts 6 < 10
CINF,2026-07-20,FAILED,0.388,2,2,0,inf,0.0,2,1.0,2,0.36,2026-08-21,2026-09-18,32,60,contracts 2 < 10 | overall score 0.388 < 0.450
CL,2026-07-20,FAILED,0.559857,7,6,1,6.0,0.285714,3,1.0,5,0.54,2026-07-31,2026-09-18,11,60,contracts 7 < 10
CLX,2026-07-20,REVIEW,0.772714,10,6,4,1.5,0.8,2,1.0,6,0.842381,2026-08-21,2026-09-18,32,60,contracts 10 < 20
CMCSA,2026-07-20,REVIEW,0.833674,20,13,7,1.8571428571428572,0.7,5,1.0,12,0.595579,2026-07-31,2026-09-18,11,60,strike surface 0.596 < 0.700
CME,2026-07-20,FAILED,0.535,5,4,1,4.0,0.4,3,1.0,4,0.5,2026-07-31,2026-09-18,11,60,contracts 5 < 10
CMG,2026-07-20,REVIEW,0.883733,30,17,13,1.3076923076923077,0.866667,5,1.0,16,0.67911,2026-07-31,2026-09-18,11,60,strike surface 0.679 < 0.700
CMI,2026-07-20,FAILED,0.248,1,0,1,0.0,0.0,1,0.5,1,0.36,2026-09-18,2026-09-18,60,60,contracts 1 < 10 | overall score 0.248 < 0.450
CMS,2026-07-20,FAILED,0.248,1,1,0,inf,0.0,1,0.5,1,0.36,2026-09-18,2026-09-18,60,60,contracts 1 < 10 | overall score 0.248 < 0.450
CNC,2026-07-20,FAILED,0.551,6,1,5,0.2,0.333333,3,1.0,6,0.536667,2026-07-31,2026-09-18,11,60,contracts 6 < 10
CNP,2026-07-20,FAILED,0.248,1,1,0,inf,0.0,1,0.5,1,0.36,2026-08-21,2026-08-21,32,32,contracts 1 < 10 | overall score 0.248 < 0.450
COF,2026-07-20,REVIEW,0.625,10,9,1,9.0,0.2,3,1.0,10,0.65,2026-08-14,2026-09-18,25,60,contracts 10 < 20 | call/put balance 0.200 < 0.700 | strike surface 0.650 < 0.700 | overall score 0.625 < 0.750
COHR,2026-07-20,REVIEW,0.895962,19,9,10,0.9,0.947368,4,1.0,14,0.729524,2026-07-31,2026-09-18,11,60,contracts 19 < 20
COIN,2026-07-20,READY,0.895644,77,50,27,1.8518518518518519,0.701299,5,1.0,38,0.801498,2026-07-31,2026-09-18,11,60,
COO,2026-07-20,FAILED,0.248,1,1,0,inf,0.0,1,0.5,1,0.36,2026-09-18,2026-09-18,60,60,contracts 1 < 10 | overall score 0.248 < 0.450
COP,2026-07-20,REVIEW,0.813009,21,16,5,3.2,0.47619,5,1.0,16,0.638601,2026-07-31,2026-09-18,11,60,call/put balance 0.476 < 0.700 | strike surface 0.639 < 0.700
COR,2026-07-20,FAILED,0.248,1,1,0,inf,0.0,1,0.5,1,0.36,2026-09-18,2026-09-18,60,60,contracts 1 < 10 | overall score 0.248 < 0.450
COST,2026-07-20,REVIEW,0.881795,45,21,24,0.875,0.933333,6,1.0,37,0.639317,2026-07-31,2026-09-18,11,60,strike surface 0.639 < 0.700
CPRT,2026-07-20,FAILED,0.638714,7,5,2,2.5,0.571429,2,1.0,4,0.66,2026-08-21,2026-09-18,32,60,contracts 7 < 10
CRH,2026-07-20,FAILED,0.56319,7,1,6,0.16666666666666666,0.285714,3,1.0,5,0.551111,2026-07-31,2026-09-18,11,60,contracts 7 < 10
CRL,2026-07-20,FAILED,0.248,1,1,0,inf,0.0,1,0.5,1,0.36,2026-09-18,2026-09-18,60,60,contracts 1 < 10 | overall score 0.248 < 0.450
CRM,2026-07-20,REVIEW,0.866568,47,27,20,1.35,0.851064,6,1.0,21,0.629696,2026-07-31,2026-09-18,11,60,strike surface 0.630 < 0.700
CRWD,2026-07-20,REVIEW,0.899609,59,31,28,1.1071428571428572,0.949153,5,1.0,40,0.690787,2026-07-31,2026-09-18,11,60,strike surface 0.691 < 0.700
CRWV,2026-07-20,REVIEW,0.876624,98,69,29,2.3793103448275863,0.591837,6,1.0,40,0.792828,2026-07-31,2026-09-18,11,60,call/put balance 0.592 < 0.700
CSCO,2026-07-20,REVIEW,0.869929,21,12,9,1.3333333333333333,0.857143,5,1.0,14,0.637857,2026-07-31,2026-09-18,11,60,strike surface 0.638 < 0.700
CSGP,2026-07-20,FAILED,0.6045,4,2,2,1.0,1.0,2,1.0,3,0.481666,2026-08-21,2026-09-18,32,60,contracts 4 < 10
CSX,2026-07-20,FAILED,0.503,3,2,1,2.0,0.666667,3,1.0,2,0.36,2026-08-14,2026-09-18,25,60,contracts 3 < 10
CTAS,2026-07-20,FAILED,0.5195,3,2,1,2.0,0.666667,2,1.0,2,0.415,2026-07-31,2026-09-18,11,60,contracts 3 < 10
CTSH,2026-07-20,FAILED,0.602,4,2,2,1.0,1.0,1,0.5,4,0.89,2026-08-21,2026-08-21,32,32,contracts 4 < 10
CTVA,2026-07-20,FAILED,0.388,2,2,0,inf,0.0,2,1.0,1,0.36,2026-08-21,2026-09-18,32,60,contracts 2 < 10 | overall score 0.388 < 0.450
CVNA,2026-07-20,READY,0.888253,26,11,15,0.7333333333333333,0.846154,4,1.0,21,0.704434,2026-07-31,2026-09-18,11,60,
CVS,2026-07-20,REVIEW,0.7076,12,8,4,2.0,0.666667,5,1.0,8,0.592,2026-08-07,2026-09-18,18,60,contracts 12 < 20 | call/put balance 0.667 < 0.700 | strike surface 0.592 < 0.700 | overall score 0.708 < 0.750
CVX,2026-07-20,READY,0.914625,39,25,14,1.7857142857142858,0.717949,4,1.0,18,0.856444,2026-07-31,2026-09-18,11,60,
D,2026-07-20,FAILED,0.296,2,2,0,inf,0.0,1,0.5,2,0.47,2026-08-21,2026-08-21,32,32,contracts 2 < 10 | overall score 0.296 < 0.450
DAL,2026-07-20,REVIEW,0.833982,15,8,7,1.1428571428571428,0.933333,4,1.0,9,0.72994,2026-07-31,2026-09-18,11,60,contracts 15 < 20
DASH,2026-07-20,REVIEW,0.617145,11,2,9,0.2222222222222222,0.363636,5,1.0,10,0.492,2026-07-31,2026-09-18,11,60,contracts 11 < 20 | call/put balance 0.364 < 0.700 | strike surface 0.492 < 0.700 | overall score 0.617 < 0.750
DD,2026-07-20,FAILED,0.248,1,1,0,inf,0.0,1,0.5,1,0.36,2026-09-18,2026-09-18,60,60,contracts 1 < 10 | overall score 0.248 < 0.450
DDOG,2026-07-20,REVIEW,0.756464,14,10,4,2.5,0.571429,4,1.0,12,0.7025,2026-07-31,2026-09-18,11,60,contracts 14 < 20 | call/put balance 0.571 < 0.700
DE,2026-07-20,FAILED,0.57625,5,2,3,0.6666666666666666,0.8,4,1.0,5,0.4375,2026-07-31,2026-08-21,11,32,contracts 5 < 10
DECK,2026-07-20,FAILED,0.538,2,1,1,1.0,1.0,2,1.0,2,0.36,2026-07-31,2026-08-14,11,25,contracts 2 < 10
DELL,2026-07-20,REVIEW,0.878788,43,19,24,0.7916666666666666,0.883721,5,1.0,32,0.654099,2026-07-31,2026-09-18,11,60,strike surface 0.654 < 0.700
DG,2026-07-20,FAILED,0.504,4,1,3,0.3333333333333333,0.5,3,1.0,4,0.396667,2026-07-31,2026-09-18,11,60,contracts 4 < 10
DGX,2026-07-20,FAILED,0.248,1,1,0,inf,0.0,1,0.5,1,0.36,2026-08-21,2026-08-21,32,32,contracts 1 < 10 | overall score 0.248 < 0.450
DHI,2026-07-20,FAILED,0.615,5,2,3,0.6666666666666666,0.8,3,1.0,5,0.566667,2026-08-14,2026-09-18,25,60,contracts 5 < 10
DHR,2026-07-20,FAILED,0.594333,6,4,2,2.0,0.666667,3,1.0,5,0.514444,2026-08-21,2026-09-18,32,60,contracts 6 < 10
DIA,2026-07-20,REVIEW,0.895648,48,25,23,1.0869565217391304,0.958333,6,1.0,32,0.672994,2026-07-31,2026-09-18,11,60,strike surface 0.673 < 0.700
DIS,2026-07-20,REVIEW,0.898795,24,16,8,2.0,0.666667,4,1.0,14,0.829315,2026-07-31,2026-09-18,11,60,call/put balance 0.667 < 0.700
DLR,2026-07-20,FAILED,0.535,5,4,1,4.0,0.4,3,1.0,5,0.5,2026-08-07,2026-09-18,18,60,contracts 5 < 10
DLTR,2026-07-20,FAILED,0.538,2,1,1,1.0,1.0,2,1.0,2,0.36,2026-07-31,2026-08-21,11,32,contracts 2 < 10
DOC,2026-07-20,FAILED,0.248,1,1,0,inf,0.0,1,0.5,1,0.36,2026-08-21,2026-08-21,32,32,contracts 1 < 10 | overall score 0.248 < 0.450
DOV,2026-07-20,FAILED,0.388,2,2,0,inf,0.0,2,1.0,1,0.36,2026-08-21,2026-09-18,32,60,contracts 2 < 10 | overall score 0.388 < 0.450
DOW,2026-07-20,REVIEW,0.728258,11,7,4,1.75,0.727273,3,1.0,7,0.680556,2026-07-31,2026-09-18,11,60,contracts 11 < 20 | strike surface 0.681 < 0.700 | overall score 0.728 < 0.750
DPZ,2026-07-20,FAILED,0.63,8,5,3,1.6666666666666667,0.75,1,0.5,7,0.908333,2026-08-21,2026-08-21,32,32,contracts 8 < 10
DRI,2026-07-20,FAILED,0.506,2,1,1,1.0,1.0,1,0.5,2,0.67,2026-08-21,2026-08-21,32,32,contracts 2 < 10
DUK,2026-07-20,FAILED,0.638714,7,5,2,2.5,0.571429,2,1.0,4,0.66,2026-08-21,2026-09-18,32,60,contracts 7 < 10
DVN,2026-07-20,READY,0.882878,22,14,8,1.75,0.727273,5,1.0,13,0.745958,2026-07-31,2026-09-18,11,60,
DXCM,2026-07-20,FAILED,0.621,4,2,2,1.0,1.0,2,1.0,3,0.536666,2026-08-21,2026-09-18,32,60,contracts 4 < 10
EA,2026-07-20,FAILED,0.661,8,4,4,1.0,1.0,4,1.0,8,0.47,2026-07-31,2026-09-18,11,60,contracts 8 < 10
EBAY,2026-07-20,FAILED,0.504,4,3,1,3.0,0.5,3,1.0,4,0.396667,2026-07-31,2026-09-18,11,60,contracts 4 < 10
ECHO,2026-07-20,REVIEW,0.734469,15,12,3,4.0,0.4,4,1.0,13,0.664896,2026-07-31,2026-09-18,11,60,contracts 15 < 20 | call/put balance 0.400 < 0.700 | strike surface 0.665 < 0.700 | overall score 0.734 < 0.750
ECL,2026-07-20,FAILED,0.569,4,2,2,1.0,1.0,1,0.5,3,0.78,2026-08-21,2026-08-21,32,32,contracts 4 < 10
EEM,2026-07-20,READY,0.914583,47,21,26,0.8076923076923077,0.893617,5,1.0,29,0.768469,2026-07-31,2026-09-18,11,60,
EFA,2026-07-20,REVIEW,0.875551,53,17,36,0.4722222222222222,0.641509,7,1.0,28,0.764416,2026-07-31,2026-09-18,11,60,call/put balance 0.642 < 0.700
EFX,2026-07-20,FAILED,0.296,2,2,0,inf,0.0,1,0.5,2,0.47,2026-08-21,2026-08-21,32,32,contracts 2 < 10 | overall score 0.296 < 0.450
EIX,2026-07-20,FAILED,0.484,3,2,1,2.0,0.666667,1,0.5,3,0.713333,2026-08-21,2026-08-21,32,32,contracts 3 < 10
EL,2026-07-20,FAILED,0.5495,3,2,1,2.0,0.666667,2,1.0,3,0.515,2026-07-31,2026-09-18,11,60,contracts 3 < 10
ELV,2026-07-20,FAILED,0.618357,7,6,1,6.0,0.285714,2,1.0,6,0.735,2026-08-21,2026-09-18,32,60,contracts 7 < 10
EMR,2026-07-20,REVIEW,0.695,10,6,4,1.5,0.8,4,1.0,8,0.583333,2026-07-31,2026-09-18,11,60,contracts 10 < 20 | strike surface 0.583 < 0.700 | overall score 0.695 < 0.750
EOG,2026-07-20,FAILED,0.614333,6,4,2,2.0,0.666667,3,1.0,5,0.581111,2026-07-31,2026-09-18,11,60,contracts 6 < 10
EQIX,2026-07-20,FAILED,0.5425,5,4,1,4.0,0.4,2,1.0,5,0.525,2026-08-21,2026-09-18,32,60,contracts 5 < 10
EQR,2026-07-20,FAILED,0.248,1,1,0,inf,0.0,1,0.5,1,0.36,2026-08-21,2026-08-21,32,32,contracts 1 < 10 | overall score 0.248 < 0.450
EQT,2026-07-20,REVIEW,0.698908,13,9,4,2.25,0.615385,5,1.0,8,0.538667,2026-07-31,2026-09-18,11,60,contracts 13 < 20 | call/put balance 0.615 < 0.700 | strike surface 0.539 < 0.700 | overall score 0.699 < 0.750
ES,2026-07-20,FAILED,0.473,2,1,1,1.0,1.0,1,0.5,1,0.56,2026-08-21,2026-08-21,32,32,contracts 2 < 10
ETHA,2026-07-20,READY,0.921639,67,40,27,1.4814814814814814,0.80597,6,1.0,27,0.83581,2026-07-31,2026-09-18,11,60,
ETN,2026-07-20,FAILED,0.504,4,3,1,3.0,0.5,3,1.0,4,0.396667,2026-08-07,2026-09-18,18,60,contracts 4 < 10
ETR,2026-07-20,FAILED,0.484,3,2,1,2.0,0.666667,1,0.5,3,0.713333,2026-08-21,2026-08-21,32,32,contracts 3 < 10
EVRG,2026-07-20,FAILED,0.248,1,0,1,0.0,0.0,1,0.5,1,0.36,2026-09-18,2026-09-18,60,60,contracts 1 < 10 | overall score 0.248 < 0.450
EW,2026-07-20,FAILED,0.451,4,4,0,inf,0.0,2,1.0,4,0.47,2026-08-21,2026-09-18,32,60,contracts 4 < 10
EWJ,2026-07-20,FAILED,0.661214,7,5,2,2.5,0.571429,2,1.0,7,0.735,2026-07-31,2026-09-18,11,60,contracts 7 < 10
EWZ,2026-07-20,REVIEW,0.88169,46,30,16,1.875,0.695652,6,1.0,27,0.757807,2026-07-31,2026-09-18,11,60,call/put balance 0.696 < 0.700
EXC,2026-07-20,FAILED,0.296,2,2,0,inf,0.0,1,0.5,2,0.47,2026-08-21,2026-08-21,32,32,contracts 2 < 10 | overall score 0.296 < 0.450
EXE,2026-07-20,FAILED,0.698071,7,3,4,0.75,0.857143,2,1.0,5,0.715,2026-08-21,2026-09-18,32,60,contracts 7 < 10
EXPD,2026-07-20,FAILED,0.484,3,2,1,2.0,0.666667,1,0.5,3,0.713333,2026-08-21,2026-08-21,32,32,contracts 3 < 10
EXPE,2026-07-20,FAILED,0.248,1,0,1,0.0,0.0,1,0.5,1,0.36,2026-09-18,2026-09-18,60,60,contracts 1 < 10 | overall score 0.248 < 0.450
EXR,2026-07-20,FAILED,0.248,1,0,1,0.0,0.0,1,0.5,1,0.36,2026-08-21,2026-08-21,32,32,contracts 1 < 10 | overall score 0.248 < 0.450
F,2026-07-20,READY,0.9039,42,26,16,1.625,0.761905,6,1.0,15,0.798715,2026-07-31,2026-09-18,11,60,
FANG,2026-07-20,FAILED,0.5195,3,2,1,2.0,0.666667,2,1.0,3,0.415,2026-08-21,2026-09-18,32,60,contracts 3 < 10
FAST,2026-07-20,FAILED,0.451,4,4,0,inf,0.0,2,1.0,3,0.47,2026-08-21,2026-09-18,32,60,contracts 4 < 10
FBTC,2026-07-20,FAILED,0.388,2,2,0,inf,0.0,2,1.0,2,0.36,2026-08-21,2026-09-18,32,60,contracts 2 < 10 | overall score 0.388 < 0.450
FCX,2026-07-20,REVIEW,0.882098,19,12,7,1.7142857142857142,0.736842,4,1.0,11,0.788571,2026-07-31,2026-09-18,11,60,contracts 19 < 20
FDS,2026-07-20,FAILED,0.506,2,1,1,1.0,1.0,1,0.5,2,0.67,2026-09-18,2026-09-18,60,60,contracts 2 < 10
FDX,2026-07-20,FAILED,0.599,4,2,2,1.0,1.0,3,1.0,4,0.463333,2026-07-31,2026-08-21,11,32,contracts 4 < 10
FDXF,2026-07-20,FAILED,0.248,1,0,1,0.0,0.0,1,0.5,1,0.36,2026-08-21,2026-08-21,32,32,contracts 1 < 10 | overall score 0.248 < 0.450
FE,2026-07-20,FAILED,0.5495,3,2,1,2.0,0.666667,2,1.0,3,0.515,2026-08-21,2026-09-18,32,60,contracts 3 < 10
FICO,2026-07-20,FAILED,0.248,1,0,1,0.0,0.0,1,0.5,1,0.36,2026-08-21,2026-08-21,32,32,contracts 1 < 10 | overall score 0.248 < 0.450
FIS,2026-07-20,FAILED,0.248,1,0,1,0.0,0.0,1,0.5,1,0.36,2026-07-31,2026-07-31,11,11,contracts 1 < 10 | overall score 0.248 < 0.450
FISV,2026-07-20,FAILED,0.722583,9,5,4,1.25,0.888889,4,1.0,5,0.680833,2026-07-31,2026-09-18,11,60,contracts 9 < 10
FITB,2026-07-20,FAILED,0.6525,5,3,2,1.5,0.8,2,1.0,3,0.691666,2026-08-21,2026-09-18,32,60,contracts 5 < 10
FLEX,2026-07-20,FAILED,0.59875,8,3,5,0.6,0.75,1,0.5,8,0.804167,2026-08-21,2026-08-21,32,32,contracts 8 < 10
FOXA,2026-07-20,FAILED,0.4195,3,3,0,inf,0.0,2,1.0,2,0.415,2026-08-21,2026-09-18,32,60,contracts 3 < 10 | overall score 0.419 < 0.450
FRT,2026-07-20,FAILED,0.248,1,1,0,inf,0.0,1,0.5,1,0.36,2026-08-21,2026-08-21,32,32,contracts 1 < 10 | overall score 0.248 < 0.450
FSLR,2026-07-20,REVIEW,0.829446,17,10,7,1.4285714285714286,0.823529,4,1.0,13,0.669722,2026-07-31,2026-09-18,11,60,contracts 17 < 20 | strike surface 0.670 < 0.700
FTNT,2026-07-20,FAILED,0.504,4,3,1,3.0,0.5,3,1.0,4,0.396667,2026-07-31,2026-09-18,11,60,contracts 4 < 10
FXI,2026-07-20,READY,0.940304,34,15,19,0.7894736842105263,0.882353,4,1.0,20,0.859836,2026-07-31,2026-09-18,11,60,
GD,2026-07-20,FAILED,0.515,5,4,1,4.0,0.4,3,1.0,5,0.433333,2026-07-31,2026-09-18,11,60,contracts 5 < 10
GDDY,2026-07-20,FAILED,0.568,4,2,2,1.0,1.0,4,1.0,4,0.36,2026-07-31,2026-08-21,11,32,contracts 4 < 10
GDX,2026-07-20,REVIEW,0.855705,48,31,17,1.8235294117647058,0.708333,5,1.0,26,0.664851,2026-07-31,2026-09-18,11,60,strike surface 0.665 < 0.700
GDXJ,2026-07-20,REVIEW,0.865623,18,8,10,0.8,0.888889,4,1.0,18,0.707634,2026-07-31,2026-09-18,11,60,contracts 18 < 20
GE,2026-07-20,REVIEW,0.798875,14,7,7,1.0,1.0,4,1.0,14,0.629583,2026-07-31,2026-09-18,11,60,contracts 14 < 20 | strike surface 0.630 < 0.700
GEHC,2026-07-20,REVIEW,0.6425,10,8,2,4.0,0.4,4,1.0,7,0.608333,2026-07-31,2026-09-18,11,60,contracts 10 < 20 | call/put balance 0.400 < 0.700 | strike surface 0.608 < 0.700 | overall score 0.642 < 0.750
GEV,2026-07-20,REVIEW,0.736792,11,5,6,0.8333333333333334,0.909091,3,1.0,10,0.618095,2026-07-31,2026-09-18,11,60,contracts 11 < 20 | strike surface 0.618 < 0.700 | overall score 0.737 < 0.750
GILD,2026-07-20,FAILED,0.56125,5,2,3,0.6666666666666666,0.8,4,1.0,5,0.3875,2026-07-31,2026-09-18,11,60,contracts 5 < 10
GIS,2026-07-20,FAILED,0.717,8,5,3,1.6666666666666667,0.75,2,1.0,5,0.781667,2026-08-21,2026-09-18,32,60,contracts 8 < 10
GLD,2026-07-20,REVIEW,0.891224,93,52,41,1.2682926829268293,0.88172,8,1.0,57,0.696553,2026-07-27,2026-09-18,7,60,strike surface 0.697 < 0.700
GLW,2026-07-20,REVIEW,0.888269,42,24,18,1.3333333333333333,0.857143,5,1.0,25,0.69899,2026-07-31,2026-09-18,11,60,strike surface 0.699 < 0.700
GM,2026-07-20,READY,0.945117,26,15,11,1.3636363636363635,0.846154,3,1.0,17,0.893981,2026-07-31,2026-09-18,11,60,
GNRC,2026-07-20,REVIEW,0.6295,10,8,2,4.0,0.4,4,1.0,8,0.565,2026-08-07,2026-09-18,18,60,contracts 10 < 20 | call/put balance 0.400 < 0.700 | strike surface 0.565 < 0.700 | overall score 0.629 < 0.750
GOOG,2026-07-20,REVIEW,0.880394,92,60,32,1.875,0.695652,6,1.0,38,0.753487,2026-07-31,2026-09-18,11,60,call/put balance 0.696 < 0.700
GOOGL,2026-07-20,REVIEW,0.860651,147,99,48,2.0625,0.653061,8,1.0,48,0.708974,2026-07-27,2026-09-18,7,60,call/put balance 0.653 < 0.700
GPC,2026-07-20,FAILED,0.5775,7,5,2,2.5,0.571429,1,0.5,6,0.872619,2026-08-21,2026-08-21,32,32,contracts 7 < 10
GPN,2026-07-20,FAILED,0.644,6,4,2,2.0,0.666667,2,1.0,5,0.68,2026-08-21,2026-09-18,32,60,contracts 6 < 10
GS,2026-07-20,READY,0.894183,23,9,14,0.6428571428571429,0.782609,5,1.0,19,0.755972,2026-07-31,2026-09-18,11,60,
HACK,2026-07-20,FAILED,0.296,2,0,2,0.0,0.0,1,0.5,2,0.47,2026-08-21,2026-08-21,32,32,contracts 2 < 10 | overall score 0.296 < 0.450
HAL,2026-07-20,REVIEW,0.768141,13,9,4,2.25,0.615385,3,1.0,9,0.769444,2026-07-31,2026-09-18,11,60,contracts 13 < 20 | call/put balance 0.615 < 0.700
HAS,2026-07-20,FAILED,0.671321,7,3,4,0.75,0.857143,2,1.0,6,0.625833,2026-08-21,2026-09-18,32,60,contracts 7 < 10
HBAN,2026-07-20,FAILED,0.484,3,1,2,0.5,0.666667,1,0.5,3,0.713333,2026-08-21,2026-08-21,32,32,contracts 3 < 10
HCA,2026-07-20,FAILED,0.728071,7,4,3,1.3333333333333333,0.857143,2,1.0,6,0.815,2026-08-21,2026-09-18,32,60,contracts 7 < 10
HD,2026-07-20,REVIEW,0.8022,20,17,3,5.666666666666667,0.3,5,1.0,14,0.690667,2026-07-31,2026-09-18,11,60,call/put balance 0.300 < 0.700 | strike surface 0.691 < 0.700
HIG,2026-07-20,FAILED,0.388,2,0,2,0.0,0.0,2,1.0,1,0.36,2026-08-21,2026-09-18,32,60,contracts 2 < 10 | overall score 0.388 < 0.450
HLT,2026-07-20,FAILED,0.248,1,0,1,0.0,0.0,1,0.5,1,0.36,2026-08-21,2026-08-21,32,32,contracts 1 < 10 | overall score 0.248 < 0.450
HON,2026-07-20,FAILED,0.6375,6,4,2,2.0,0.666667,2,1.0,4,0.658333,2026-07-31,2026-08-21,11,32,contracts 6 < 10
HONA,2026-07-20,FAILED,0.451,3,2,1,2.0,0.666667,1,0.5,2,0.603333,2026-08-21,2026-08-21,32,32,contracts 3 < 10
HOOD,2026-07-20,REVIEW,0.874465,93,62,31,2.0,0.666667,6,1.0,37,0.748216,2026-07-31,2026-09-18,11,60,call/put balance 0.667 < 0.700
HPE,2026-07-20,READY,0.924857,20,11,9,1.2222222222222223,0.9,4,1.0,11,0.799524,2026-07-31,2026-09-18,11,60,
HPQ,2026-07-20,REVIEW,0.756887,15,9,6,1.5,0.8,5,1.0,14,0.539625,2026-07-31,2026-09-18,11,60,contracts 15 < 20 | strike surface 0.540 < 0.700
HST,2026-07-20,FAILED,0.248,1,1,0,inf,0.0,1,0.5,1,0.36,2026-08-21,2026-08-21,32,32,contracts 1 < 10 | overall score 0.248 < 0.450
HSY,2026-07-20,FAILED,0.248,1,1,0,inf,0.0,1,0.5,1,0.36,2026-08-21,2026-08-21,32,32,contracts 1 < 10 | overall score 0.248 < 0.450
HUBB,2026-07-20,FAILED,0.388,2,2,0,inf,0.0,2,1.0,2,0.36,2026-08-21,2026-09-18,32,60,contracts 2 < 10 | overall score 0.388 < 0.450
HUM,2026-07-20,FAILED,0.538,2,1,1,1.0,1.0,2,1.0,2,0.36,2026-08-21,2026-09-18,32,60,contracts 2 < 10
HWM,2026-07-20,FAILED,0.403,3,0,3,0.0,0.0,3,1.0,3,0.36,2026-07-31,2026-09-18,11,60,contracts 3 < 10 | overall score 0.403 < 0.450
HYG,2026-07-20,REVIEW,0.863423,35,14,21,0.6666666666666666,0.8,6,1.0,16,0.644742,2026-07-31,2026-09-18,11,60,strike surface 0.645 < 0.700
IAU,2026-07-20,FAILED,0.248,1,1,0,inf,0.0,1,0.5,1,0.36,2026-09-18,2026-09-18,60,60,contracts 1 < 10 | overall score 0.248 < 0.450
IBB,2026-07-20,FAILED,0.344,3,0,3,0.0,0.0,1,0.5,3,0.58,2026-09-18,2026-09-18,60,60,contracts 3 < 10 | overall score 0.344 < 0.450
IBIT,2026-07-20,READY,0.895128,162,99,63,1.5714285714285714,0.777778,7,1.0,49,0.761539,2026-07-31,2026-09-18,11,60,
IBM,2026-07-20,REVIEW,0.835518,88,66,22,3.0,0.5,6,1.0,43,0.701726,2026-07-31,2026-09-18,11,60,call/put balance 0.500 < 0.700
ICE,2026-07-20,FAILED,0.524,4,3,1,3.0,0.5,3,1.0,2,0.463333,2026-07-31,2026-09-18,11,60,contracts 4 < 10
IEF,2026-07-20,REVIEW,0.79731,19,15,4,3.75,0.421053,5,1.0,13,0.663841,2026-07-31,2026-09-18,11,60,contracts 19 < 20 | call/put balance 0.421 < 0.700 | strike surface 0.664 < 0.700
IEX,2026-07-20,FAILED,0.484,3,2,1,2.0,0.666667,1,0.5,3,0.713333,2026-08-21,2026-08-21,32,32,contracts 3 < 10
IFF,2026-07-20,FAILED,0.248,1,1,0,inf,0.0,1,0.5,1,0.36,2026-09-18,2026-09-18,60,60,contracts 1 < 10 | overall score 0.248 < 0.450
IGV,2026-07-20,READY,0.878725,29,18,11,1.6363636363636365,0.758621,4,1.0,17,0.71644,2026-07-31,2026-09-18,11,60,
IHI,2026-07-20,FAILED,0.296,2,2,0,inf,0.0,1,0.5,2,0.47,2026-08-21,2026-08-21,32,32,contracts 2 < 10 | overall score 0.296 < 0.450
INCY,2026-07-20,FAILED,0.538,2,1,1,1.0,1.0,2,1.0,2,0.36,2026-08-21,2026-09-18,32,60,contracts 2 < 10
INDA,2026-07-20,FAILED,0.388,2,0,2,0.0,0.0,2,1.0,2,0.36,2026-08-21,2026-09-18,32,60,contracts 2 < 10 | overall score 0.388 < 0.450
INTC,2026-07-20,READY,0.945509,157,85,72,1.1805555555555556,0.917197,8,1.0,55,0.859764,2026-07-27,2026-09-18,7,60,
INTU,2026-07-20,REVIEW,0.683568,11,3,8,0.375,0.545455,4,1.0,9,0.6225,2026-07-31,2026-09-18,11,60,contracts 11 < 20 | call/put balance 0.545 < 0.700 | strike surface 0.623 < 0.700 | overall score 0.684 < 0.750
INVH,2026-07-20,FAILED,0.248,1,1,0,inf,0.0,1,0.5,1,0.36,2026-08-21,2026-08-21,32,32,contracts 1 < 10 | overall score 0.248 < 0.450
IP,2026-07-20,FAILED,0.248,1,0,1,0.0,0.0,1,0.5,1,0.36,2026-08-21,2026-08-21,32,32,contracts 1 < 10 | overall score 0.248 < 0.450
IQV,2026-07-20,FAILED,0.506,2,1,1,1.0,1.0,1,0.5,2,0.67,2026-08-21,2026-08-21,32,32,contracts 2 < 10
IRM,2026-07-20,FAILED,0.603464,7,5,2,2.5,0.571429,4,1.0,7,0.5425,2026-07-31,2026-09-18,11,60,contracts 7 < 10
ISRG,2026-07-20,REVIEW,0.724964,11,6,5,1.2,0.909091,5,1.0,7,0.578667,2026-07-31,2026-09-18,11,60,contracts 11 < 20 | strike surface 0.579 < 0.700 | overall score 0.725 < 0.750
ITB,2026-07-20,FAILED,0.506,2,1,1,1.0,1.0,1,0.5,2,0.67,2026-08-21,2026-08-21,32,32,contracts 2 < 10
ITW,2026-07-20,FAILED,0.248,1,1,0,inf,0.0,1,0.5,1,0.36,2026-08-21,2026-08-21,32,32,contracts 1 < 10 | overall score 0.248 < 0.450
IVV,2026-07-20,FAILED,0.388,2,2,0,inf,0.0,2,1.0,2,0.36,2026-08-14,2026-09-18,25,60,contracts 2 < 10 | overall score 0.388 < 0.450
IVZ,2026-07-20,FAILED,0.248,1,0,1,0.0,0.0,1,0.5,1,0.36,2026-08-21,2026-08-21,32,32,contracts 1 < 10 | overall score 0.248 < 0.450
IWD,2026-07-20,FAILED,0.296,2,2,0,inf,0.0,1,0.5,2,0.47,2026-08-21,2026-08-21,32,32,contracts 2 < 10 | overall score 0.296 < 0.450
IWF,2026-07-20,FAILED,0.248,1,1,0,inf,0.0,1,0.5,1,0.36,2026-08-21,2026-08-21,32,32,contracts 1 < 10 | overall score 0.248 < 0.450
IWM,2026-07-20,READY,0.929524,243,110,133,0.8270676691729323,0.90535,10,1.0,65,0.812405,2026-07-27,2026-09-18,7,60,
IYR,2026-07-20,FAILED,0.704,6,3,3,1.0,1.0,2,1.0,6,0.713333,2026-08-21,2026-09-18,32,60,contracts 6 < 10
JBHT,2026-07-20,FAILED,0.506,2,1,1,1.0,1.0,1,0.5,2,0.67,2026-08-21,2026-08-21,32,32,contracts 2 < 10
JBL,2026-07-20,FAILED,0.388,2,0,2,0.0,0.0,2,1.0,2,0.36,2026-08-21,2026-09-18,32,60,contracts 2 < 10 | overall score 0.388 < 0.450
JCI,2026-07-20,FAILED,0.6525,5,2,3,0.6666666666666666,0.8,2,1.0,5,0.691666,2026-08-21,2026-09-18,32,60,contracts 5 < 10
JEPI,2026-07-20,FAILED,0.595,6,2,4,0.5,0.666667,1,0.5,6,0.933333,2026-08-21,2026-08-21,32,32,contracts 6 < 10
JEPQ,2026-07-20,FAILED,0.65,7,4,3,1.3333333333333333,0.857143,1,0.5,6,0.971429,2026-08-21,2026-08-21,32,32,contracts 7 < 10
JETS,2026-07-20,REVIEW,0.721,10,4,6,0.6666666666666666,0.8,3,1.0,9,0.67,2026-07-31,2026-09-18,11,60,contracts 10 < 20 | strike surface 0.670 < 0.700 | overall score 0.721 < 0.750
JNJ,2026-07-20,READY,0.914571,24,11,13,0.8461538461538461,0.916667,6,1.0,14,0.756905,2026-07-31,2026-09-18,11,60,
JPM,2026-07-20,READY,0.900211,47,26,21,1.2380952380952381,0.893617,6,1.0,24,0.720562,2026-07-31,2026-09-18,11,60,
KDP,2026-07-20,FAILED,0.451,4,4,0,inf,0.0,2,1.0,4,0.47,2026-08-21,2026-09-18,32,60,contracts 4 < 10
KEY,2026-07-20,REVIEW,0.79853,11,5,6,0.8333333333333334,0.909091,2,1.0,8,0.823889,2026-08-21,2026-09-18,32,60,contracts 11 < 20
KHC,2026-07-20,FAILED,0.634667,8,6,2,3.0,0.5,3,1.0,5,0.632222,2026-07-31,2026-09-18,11,60,contracts 8 < 10
KKR,2026-07-20,FAILED,0.6085,8,2,6,0.3333333333333333,0.5,4,1.0,8,0.545,2026-08-07,2026-09-18,18,60,contracts 8 < 10
KLAC,2026-07-20,REVIEW,0.868465,36,12,24,0.5,0.666667,2,1.0,31,0.728215,2026-08-21,2026-09-18,32,60,call/put balance 0.667 < 0.700
KMB,2026-07-20,FAILED,0.61,6,4,2,2.0,0.666667,3,1.0,4,0.566667,2026-08-07,2026-09-18,18,60,contracts 6 < 10
KMI,2026-07-20,REVIEW,0.7976,18,12,6,2.0,0.666667,5,1.0,8,0.592,2026-07-31,2026-09-18,11,60,contracts 18 < 20 | call/put balance 0.667 < 0.700 | strike surface 0.592 < 0.700
KO,2026-07-20,REVIEW,0.874994,30,20,10,2.0,0.666667,5,1.0,15,0.74998,2026-07-31,2026-09-18,11,60,call/put balance 0.667 < 0.700
KR,2026-07-20,FAILED,0.638,9,6,3,2.0,0.666667,4,1.0,7,0.51,2026-07-31,2026-09-18,11,60,contracts 9 < 10
KRE,2026-07-20,REVIEW,0.822066,32,8,24,0.3333333333333333,0.5,4,1.0,19,0.656887,2026-07-31,2026-09-18,11,60,call/put balance 0.500 < 0.700 | strike surface 0.657 < 0.700
KVUE,2026-07-20,FAILED,0.6598,8,4,4,1.0,1.0,5,1.0,7,0.466,2026-07-31,2026-09-18,11,60,contracts 8 < 10
KWEB,2026-07-20,REVIEW,0.879205,46,30,16,1.875,0.695652,5,1.0,25,0.749524,2026-07-31,2026-09-18,11,60,call/put balance 0.696 < 0.700
LEN,2026-07-20,FAILED,0.601,5,3,2,1.5,0.8,2,1.0,3,0.52,2026-08-21,2026-09-18,32,60,contracts 5 < 10
LHX,2026-07-20,FAILED,0.248,1,1,0,inf,0.0,1,0.5,1,0.36,2026-09-18,2026-09-18,60,60,contracts 1 < 10 | overall score 0.248 < 0.450
LIN,2026-07-20,FAILED,0.248,1,0,1,0.0,0.0,1,0.5,1,0.36,2026-09-18,2026-09-18,60,60,contracts 1 < 10 | overall score 0.248 < 0.450
LITE,2026-07-20,FAILED,0.775333,9,5,4,1.25,0.888889,2,1.0,9,0.856666,2026-07-31,2026-09-18,11,60,contracts 9 < 10
LLY,2026-07-20,REVIEW,0.809188,29,7,22,0.3181818181818182,0.482759,5,1.0,22,0.622579,2026-07-31,2026-09-18,11,60,call/put balance 0.483 < 0.700 | strike surface 0.623 < 0.700
LMT,2026-07-20,REVIEW,0.814049,25,19,6,3.1666666666666665,0.48,5,1.0,15,0.640165,2026-07-31,2026-08-28,11,39,call/put balance 0.480 < 0.700 | strike surface 0.640 < 0.700
LOW,2026-07-20,REVIEW,0.691,10,6,4,1.5,0.8,5,1.0,6,0.57,2026-07-31,2026-09-18,11,60,contracts 10 < 20 | strike surface 0.570 < 0.700 | overall score 0.691 < 0.750
LQD,2026-07-20,REVIEW,0.86079,30,11,19,0.5789473684210527,0.733333,5,1.0,13,0.669299,2026-07-31,2026-09-18,11,60,strike surface 0.669 < 0.700
LRCX,2026-07-20,READY,0.932048,58,27,31,0.8709677419354839,0.931034,5,1.0,40,0.807977,2026-07-31,2026-09-18,11,60,
LULU,2026-07-20,REVIEW,0.837841,19,12,7,1.7142857142857142,0.736842,5,1.0,14,0.641047,2026-07-31,2026-09-18,11,60,contracts 19 < 20 | strike surface 0.641 < 0.700
LUV,2026-07-20,REVIEW,0.809,16,7,9,0.7777777777777778,0.875,4,1.0,12,0.625833,2026-07-31,2026-09-18,11,60,contracts 16 < 20 | strike surface 0.626 < 0.700
LVS,2026-07-20,FAILED,0.392,4,0,4,0.0,0.0,1,0.5,4,0.69,2026-09-18,2026-09-18,60,60,contracts 4 < 10 | overall score 0.392 < 0.450
LYB,2026-07-20,FAILED,0.6175,5,3,2,1.5,0.8,2,1.0,5,0.575,2026-08-21,2026-09-18,32,60,contracts 5 < 10
LYV,2026-07-20,FAILED,0.579,4,2,2,1.0,1.0,3,1.0,4,0.396667,2026-07-31,2026-09-18,11,60,contracts 4 < 10
MA,2026-07-20,FAILED,0.538,2,1,1,1.0,1.0,2,1.0,2,0.36,2026-08-21,2026-09-18,32,60,contracts 2 < 10
MAA,2026-07-20,FAILED,0.506,2,1,1,1.0,1.0,1,0.5,2,0.67,2026-09-18,2026-09-18,60,60,contracts 2 < 10
MAR,2026-07-20,FAILED,0.248,1,1,0,inf,0.0,1,0.5,1,0.36,2026-09-18,2026-09-18,60,60,contracts 1 < 10 | overall score 0.248 < 0.450
MAS,2026-07-20,FAILED,0.388,2,0,2,0.0,0.0,2,1.0,2,0.36,2026-08-21,2026-09-18,32,60,contracts 2 < 10 | overall score 0.388 < 0.450
MCD,2026-07-20,REVIEW,0.82426,25,20,5,4.0,0.4,4,1.0,11,0.714199,2026-07-31,2026-09-18,11,60,call/put balance 0.400 < 0.700
MCHP,2026-07-20,REVIEW,0.837592,17,10,7,1.4285714285714286,0.823529,5,1.0,15,0.696875,2026-07-31,2026-09-18,11,60,contracts 17 < 20 | strike surface 0.697 < 0.700
MCK,2026-07-20,FAILED,0.248,1,1,0,inf,0.0,1,0.5,1,0.36,2026-08-21,2026-08-21,32,32,contracts 1 < 10 | overall score 0.248 < 0.450
MCO,2026-07-20,FAILED,0.248,1,1,0,inf,0.0,1,0.5,1,0.36,2026-08-21,2026-08-21,32,32,contracts 1 < 10 | overall score 0.248 < 0.450
MDLZ,2026-07-20,FAILED,0.4195,3,3,0,inf,0.0,2,1.0,2,0.415,2026-08-21,2026-09-18,32,60,contracts 3 < 10 | overall score 0.419 < 0.450
MDT,2026-07-20,REVIEW,0.890021,21,10,11,0.9090909090909091,0.952381,5,1.0,12,0.657214,2026-07-31,2026-09-18,11,60,strike surface 0.657 < 0.700
MET,2026-07-20,FAILED,0.5625,5,4,1,4.0,0.4,2,1.0,4,0.591666,2026-08-21,2026-09-18,32,60,contracts 5 < 10
META,2026-07-20,REVIEW,0.891309,120,66,54,1.2222222222222223,0.9,7,1.0,63,0.687696,2026-07-27,2026-09-18,7,60,strike surface 0.688 < 0.700
MGM,2026-07-20,FAILED,0.6325,5,3,2,1.5,0.8,2,1.0,4,0.625,2026-08-21,2026-09-18,32,60,contracts 5 < 10
MKC,2026-07-20,FAILED,0.621,4,2,2,1.0,1.0,2,1.0,3,0.536666,2026-08-21,2026-09-18,32,60,contracts 4 < 10
MMM,2026-07-20,REVIEW,0.711963,12,7,5,1.4,0.833333,4,1.0,9,0.523209,2026-07-31,2026-09-18,11,60,contracts 12 < 20 | strike surface 0.523 < 0.700 | overall score 0.712 < 0.750
MNST,2026-07-20,FAILED,0.6175,6,4,2,2.0,0.666667,2,1.0,4,0.591666,2026-08-21,2026-09-18,32,60,contracts 6 < 10
MO,2026-07-20,REVIEW,0.831571,14,8,6,1.3333333333333333,0.857143,3,1.0,8,0.81,2026-07-31,2026-09-18,11,60,contracts 14 < 20
MOS,2026-07-20,REVIEW,0.8159,15,8,7,1.1428571428571428,0.933333,5,1.0,10,0.669667,2026-07-31,2026-09-18,11,60,contracts 15 < 20 | strike surface 0.670 < 0.700
MPC,2026-07-20,FAILED,0.4195,3,3,0,inf,0.0,2,1.0,3,0.415,2026-08-21,2026-09-18,32,60,contracts 3 < 10 | overall score 0.419 < 0.450
MRK,2026-07-20,REVIEW,0.696388,14,11,3,3.6666666666666665,0.428571,4,1.0,8,0.573676,2026-07-31,2026-09-18,11,60,contracts 14 < 20 | call/put balance 0.429 < 0.700 | strike surface 0.574 < 0.700 | overall score 0.696 < 0.750
MRNA,2026-07-20,REVIEW,0.794482,17,6,11,0.5454545454545454,0.705882,5,1.0,14,0.612,2026-07-31,2026-09-18,11,60,contracts 17 < 20 | strike surface 0.612 < 0.700
MRSH,2026-07-20,FAILED,0.296,2,2,0,inf,0.0,1,0.5,2,0.47,2026-08-21,2026-08-21,32,32,contracts 2 < 10 | overall score 0.296 < 0.450
MRVL,2026-07-20,READY,0.911551,123,75,48,1.5625,0.780488,6,1.0,54,0.814926,2026-07-31,2026-09-18,11,60,
MS,2026-07-20,READY,0.89582,20,11,9,1.2222222222222223,0.9,5,1.0,10,0.702733,2026-07-31,2026-09-18,11,60,
MSCI,2026-07-20,FAILED,0.506,2,1,1,1.0,1.0,1,0.5,2,0.67,2026-08-21,2026-08-21,32,32,contracts 2 < 10
MSFT,2026-07-20,READY,0.912126,180,113,67,1.6865671641791045,0.744444,7,1.0,51,0.834865,2026-07-27,2026-09-18,7,60,
MSI,2026-07-20,FAILED,0.484,3,2,1,2.0,0.666667,1,0.5,3,0.713333,2026-08-21,2026-08-21,32,32,contracts 3 < 10
MSTR,2026-07-20,READY,0.920674,151,86,65,1.323076923076923,0.860927,6,1.0,69,0.805117,2026-07-31,2026-09-18,11,60,
MTB,2026-07-20,FAILED,0.248,1,1,0,inf,0.0,1,0.5,1,0.36,2026-08-21,2026-08-21,32,32,contracts 1 < 10 | overall score 0.248 < 0.450
MTUM,2026-07-20,FAILED,0.716333,8,4,4,1.0,1.0,3,1.0,8,0.654444,2026-07-31,2026-08-28,11,39,contracts 8 < 10
MU,2026-07-20,READY,0.904958,330,128,202,0.6336633663366337,0.775758,8,1.0,169,0.795314,2026-07-27,2026-09-18,7,60,
NBIS,2026-07-20,READY,0.926564,108,48,60,0.8,0.888889,6,1.0,53,0.810768,2026-07-31,2026-09-18,11,60,
NCLH,2026-07-20,REVIEW,0.871279,17,10,7,1.4285714285714286,0.823529,4,1.0,10,0.809167,2026-07-31,2026-09-18,11,60,contracts 17 < 20
NDAQ,2026-07-20,FAILED,0.5495,3,2,1,2.0,0.666667,2,1.0,3,0.515,2026-08-14,2026-09-18,25,60,contracts 3 < 10
NEE,2026-07-20,REVIEW,0.786563,17,10,7,1.4285714285714286,0.823529,5,1.0,12,0.526778,2026-07-31,2026-09-18,11,60,contracts 17 < 20 | strike surface 0.527 < 0.700
NEM,2026-07-20,REVIEW,0.887894,18,10,8,1.25,0.888889,3,1.0,15,0.78187,2026-07-31,2026-09-18,11,60,contracts 18 < 20
NFLX,2026-07-20,READY,0.881096,221,141,80,1.7625,0.723982,6,1.0,60,0.741662,2026-07-31,2026-09-18,11,60,
NI,2026-07-20,FAILED,0.248,1,1,0,inf,0.0,1,0.5,1,0.36,2026-08-21,2026-08-21,32,32,contracts 1 < 10 | overall score 0.248 < 0.450
NKE,2026-07-20,READY,0.872561,42,27,15,1.8,0.714286,5,1.0,22,0.718059,2026-07-31,2026-09-18,11,60,
NOC,2026-07-20,FAILED,0.344,3,3,0,inf,0.0,1,0.5,3,0.58,2026-08-21,2026-08-21,32,32,contracts 3 < 10 | overall score 0.344 < 0.450
NOW,2026-07-20,READY,0.90786,62,37,25,1.48,0.806452,5,1.0,26,0.78964,2026-07-31,2026-09-18,11,60,
NRG,2026-07-20,FAILED,0.388,2,2,0,inf,0.0,2,1.0,2,0.36,2026-07-31,2026-08-21,11,32,contracts 2 < 10 | overall score 0.388 < 0.450
NSC,2026-07-20,FAILED,0.248,1,1,0,inf,0.0,1,0.5,1,0.36,2026-08-21,2026-08-21,32,32,contracts 1 < 10 | overall score 0.248 < 0.450
NTAP,2026-07-20,FAILED,0.5495,3,2,1,2.0,0.666667,2,1.0,3,0.515,2026-08-21,2026-09-18,32,60,contracts 3 < 10
NTRS,2026-07-20,FAILED,0.248,1,1,0,inf,0.0,1,0.5,1,0.36,2026-08-21,2026-08-21,32,32,contracts 1 < 10 | overall score 0.248 < 0.450
NUE,2026-07-20,FAILED,0.5195,3,1,2,0.5,0.666667,2,1.0,3,0.415,2026-08-21,2026-09-18,32,60,contracts 3 < 10
NVDA,2026-07-20,READY,0.939404,275,145,130,1.1153846153846154,0.945455,8,1.0,68,0.825285,2026-07-27,2026-09-18,7,60,
NXPI,2026-07-20,FAILED,0.248,1,1,0,inf,0.0,1,0.5,1,0.36,2026-08-21,2026-08-21,32,32,contracts 1 < 10 | overall score 0.248 < 0.450
O,2026-07-20,REVIEW,0.773305,11,4,7,0.5714285714285714,0.727273,2,1.0,6,0.830715,2026-08-21,2026-09-18,32,60,contracts 11 < 20
OKE,2026-07-20,REVIEW,0.7485,10,7,3,2.3333333333333335,0.6,2,1.0,6,0.861667,2026-08-21,2026-09-18,32,60,contracts 10 < 20 | call/put balance 0.600 < 0.700 | overall score 0.748 < 0.750
ON,2026-07-20,FAILED,0.57625,5,2,3,0.6666666666666666,0.8,4,1.0,4,0.4375,2026-07-31,2026-09-18,11,60,contracts 5 < 10
ORCL,2026-07-20,READY,0.889695,162,104,58,1.793103448275862,0.716049,6,1.0,58,0.774293,2026-07-31,2026-09-18,11,60,
ORLY,2026-07-20,FAILED,0.556,4,3,1,3.0,0.5,2,1.0,4,0.57,2026-08-21,2026-09-18,32,60,contracts 4 < 10
OTIS,2026-07-20,FAILED,0.248,1,1,0,inf,0.0,1,0.5,1,0.36,2026-08-21,2026-08-21,32,32,contracts 1 < 10 | overall score 0.248 < 0.450
OXY,2026-07-20,REVIEW,0.833927,29,23,6,3.8333333333333335,0.413793,5,1.0,18,0.739528,2026-07-31,2026-09-18,11,60,call/put balance 0.414 < 0.700
PANW,2026-07-20,REVIEW,0.851016,24,7,17,0.4117647058823529,0.583333,6,1.0,18,0.711719,2026-07-31,2026-09-18,11,60,call/put balance 0.583 < 0.700
PAYX,2026-07-20,FAILED,0.6715,6,3,3,1.0,1.0,2,1.0,5,0.605,2026-08-21,2026-09-18,32,60,contracts 6 < 10
PCG,2026-07-20,REVIEW,0.774178,13,6,7,0.8571428571428571,0.923077,4,1.0,9,0.635722,2026-07-31,2026-09-18,11,60,contracts 13 < 20 | strike surface 0.636 < 0.700
PDD,2026-07-20,REVIEW,0.89159,34,19,15,1.2666666666666666,0.882353,6,1.0,22,0.697456,2026-07-31,2026-09-18,11,60,strike surface 0.697 < 0.700
PEG,2026-07-20,FAILED,0.296,2,2,0,inf,0.0,1,0.5,2,0.47,2026-08-21,2026-08-21,32,32,contracts 2 < 10 | overall score 0.296 < 0.450
PEP,2026-07-20,REVIEW,0.87008,30,18,12,1.5,0.8,6,1.0,17,0.666934,2026-07-31,2026-09-18,11,60,strike surface 0.667 < 0.700
PFE,2026-07-20,REVIEW,0.895294,50,34,16,2.125,0.64,6,1.0,17,0.830979,2026-07-31,2026-09-18,11,60,call/put balance 0.640 < 0.700
PFG,2026-07-20,FAILED,0.248,1,1,0,inf,0.0,1,0.5,1,0.36,2026-08-21,2026-08-21,32,32,contracts 1 < 10 | overall score 0.248 < 0.450
PG,2026-07-20,REVIEW,0.783733,18,13,5,2.6,0.555556,5,1.0,10,0.601333,2026-07-31,2026-09-18,11,60,contracts 18 < 20 | call/put balance 0.556 < 0.700 | strike surface 0.601 < 0.700
PGR,2026-07-20,FAILED,0.6835,8,4,4,1.0,1.0,4,1.0,7,0.545,2026-07-31,2026-08-28,11,39,contracts 8 < 10
PH,2026-07-20,FAILED,0.388,2,2,0,inf,0.0,2,1.0,2,0.36,2026-08-21,2026-09-18,32,60,contracts 2 < 10 | overall score 0.388 < 0.450
PHM,2026-07-20,FAILED,0.388,2,0,2,0.0,0.0,2,1.0,2,0.36,2026-07-31,2026-09-18,11,60,contracts 2 < 10 | overall score 0.388 < 0.450
PKG,2026-07-20,FAILED,0.248,1,1,0,inf,0.0,1,0.5,1,0.36,2026-09-18,2026-09-18,60,60,contracts 1 < 10 | overall score 0.248 < 0.450
PLD,2026-07-20,FAILED,0.5625,5,1,4,0.25,0.4,2,1.0,4,0.591666,2026-08-21,2026-09-18,32,60,contracts 5 < 10
PLTR,2026-07-20,READY,0.905612,154,92,62,1.4838709677419355,0.805195,6,1.0,58,0.782777,2026-07-31,2026-09-18,11,60,
PM,2026-07-20,REVIEW,0.716333,10,3,7,0.42857142857142855,0.6,3,1.0,9,0.754444,2026-07-31,2026-09-18,11,60,contracts 10 < 20 | call/put balance 0.600 < 0.700 | overall score 0.716 < 0.750
PNC,2026-07-20,FAILED,0.5495,3,1,2,0.5,0.666667,2,1.0,2,0.515,2026-08-14,2026-08-21,25,32,contracts 3 < 10
PNR,2026-07-20,FAILED,0.4195,3,0,3,0.0,0.0,2,1.0,3,0.415,2026-08-21,2026-09-18,32,60,contracts 3 < 10 | overall score 0.419 < 0.450
PPG,2026-07-20,FAILED,0.248,1,1,0,inf,0.0,1,0.5,1,0.36,2026-08-07,2026-08-07,18,18,contracts 1 < 10 | overall score 0.248 < 0.450
PPL,2026-07-20,FAILED,0.344,3,3,0,inf,0.0,1,0.5,3,0.58,2026-08-21,2026-08-21,32,32,contracts 3 < 10 | overall score 0.344 < 0.450
PRU,2026-07-20,FAILED,0.5495,3,2,1,2.0,0.666667,2,1.0,2,0.515,2026-08-21,2026-09-18,32,60,contracts 3 < 10
PSA,2026-07-20,FAILED,0.248,1,0,1,0.0,0.0,1,0.5,1,0.36,2026-09-18,2026-09-18,60,60,contracts 1 < 10 | overall score 0.248 < 0.450
PSKY,2026-07-20,REVIEW,0.8502,24,18,6,3.0,0.5,5,1.0,10,0.750667,2026-07-31,2026-09-18,11,60,call/put balance 0.500 < 0.700
PSX,2026-07-20,FAILED,0.51625,5,1,4,0.25,0.4,4,1.0,3,0.4375,2026-08-07,2026-09-18,18,60,contracts 5 < 10
PWR,2026-07-20,FAILED,0.248,1,0,1,0.0,0.0,1,0.5,1,0.36,2026-08-21,2026-08-21,32,32,contracts 1 < 10 | overall score 0.248 < 0.450
PYPL,2026-07-20,READY,0.907887,49,30,19,1.5789473684210527,0.77551,5,1.0,25,0.805202,2026-07-31,2026-09-18,11,60,
Q,2026-07-20,FAILED,0.296,2,2,0,inf,0.0,1,0.5,2,0.47,2026-09-18,2026-09-18,60,60,contracts 2 < 10 | overall score 0.296 < 0.450
QCOM,2026-07-20,READY,0.882329,53,33,20,1.65,0.754717,4,1.0,32,0.730406,2026-07-31,2026-09-18,11,60,
QQQ,2026-07-20,READY,0.938016,572,277,295,0.9389830508474576,0.968531,11,1.0,163,0.809121,2026-07-27,2026-09-18,7,60,
QQQM,2026-07-20,FAILED,0.248,1,1,0,inf,0.0,1,0.5,1,0.36,2026-08-21,2026-08-21,32,32,contracts 1 < 10 | overall score 0.248 < 0.450
RCL,2026-07-20,FAILED,0.4645,6,0,6,0.0,0.0,4,1.0,6,0.415,2026-07-31,2026-09-18,11,60,contracts 6 < 10
REGN,2026-07-20,FAILED,0.538,2,1,1,1.0,1.0,2,1.0,2,0.36,2026-08-07,2026-08-21,18,32,contracts 2 < 10
RF,2026-07-20,FAILED,0.506,2,1,1,1.0,1.0,1,0.5,2,0.67,2026-08-21,2026-08-21,32,32,contracts 2 < 10
RKLB,2026-07-20,REVIEW,0.872167,72,52,20,2.6,0.555556,6,1.0,29,0.796111,2026-07-31,2026-09-18,11,60,call/put balance 0.556 < 0.700
RMD,2026-07-20,FAILED,0.538,2,1,1,1.0,1.0,2,1.0,2,0.36,2026-08-21,2026-09-18,32,60,contracts 2 < 10
ROL,2026-07-20,FAILED,0.296,2,2,0,inf,0.0,1,0.5,2,0.47,2026-08-21,2026-08-21,32,32,contracts 2 < 10 | overall score 0.296 < 0.450
ROST,2026-07-20,FAILED,0.56125,5,3,2,1.5,0.8,4,1.0,5,0.3875,2026-07-31,2026-09-18,11,60,contracts 5 < 10
RSG,2026-07-20,FAILED,0.5495,3,1,2,0.5,0.666667,2,1.0,3,0.515,2026-08-21,2026-09-18,32,60,contracts 3 < 10
RSP,2026-07-20,REVIEW,0.8279,15,7,8,0.875,0.933333,5,1.0,10,0.709666,2026-07-31,2026-09-18,11,60,contracts 15 < 20
RTX,2026-07-20,REVIEW,0.868444,20,8,12,0.6666666666666666,0.8,6,1.0,15,0.661481,2026-07-31,2026-09-18,11,60,strike surface 0.661 < 0.700
SBUX,2026-07-20,REVIEW,0.739114,11,5,6,0.8333333333333334,0.909091,4,1.0,8,0.625833,2026-07-31,2026-09-18,11,60,contracts 11 < 20 | strike surface 0.626 < 0.700 | overall score 0.739 < 0.750
SCHB,2026-07-20,FAILED,0.248,1,1,0,inf,0.0,1,0.5,1,0.36,2026-08-21,2026-08-21,32,32,contracts 1 < 10 | overall score 0.248 < 0.450
SCHD,2026-07-20,REVIEW,0.785833,16,10,6,1.6666666666666667,0.75,6,1.0,7,0.611111,2026-07-31,2026-09-18,11,60,contracts 16 < 20 | strike surface 0.611 < 0.700
SCHW,2026-07-20,REVIEW,0.772214,14,9,5,1.8,0.714286,4,1.0,11,0.683571,2026-07-31,2026-09-18,11,60,contracts 14 < 20 | strike surface 0.684 < 0.700
SHOP,2026-07-20,REVIEW,0.765836,23,22,1,22.0,0.086957,5,1.0,13,0.675976,2026-07-31,2026-09-18,11,60,call/put balance 0.087 < 0.700 | strike surface 0.676 < 0.700
SHW,2026-07-20,FAILED,0.616,5,3,2,1.5,0.8,2,1.0,4,0.57,2026-08-21,2026-09-18,32,60,contracts 5 < 10
SHY,2026-07-20,FAILED,0.451,4,4,0,inf,0.0,2,1.0,3,0.47,2026-08-21,2026-09-18,32,60,contracts 4 < 10
SLB,2026-07-20,REVIEW,0.843649,18,11,7,1.5714285714285714,0.777778,4,1.0,13,0.68994,2026-07-31,2026-09-18,11,60,contracts 18 < 20 | strike surface 0.690 < 0.700
SLV,2026-07-20,READY,0.88623,150,95,55,1.7272727272727273,0.733333,8,1.0,60,0.754099,2026-07-27,2026-09-18,7,60,
SMCI,2026-07-20,REVIEW,0.843346,102,72,30,2.4,0.588235,6,1.0,39,0.683704,2026-07-31,2026-09-18,11,60,call/put balance 0.588 < 0.700 | strike surface 0.684 < 0.700
SMH,2026-07-20,READY,0.887375,105,42,63,0.6666666666666666,0.8,7,1.0,64,0.724585,2026-07-27,2026-09-18,7,60,
SNDK,2026-07-20,READY,0.934303,100,46,54,0.8518518518518519,0.92,5,1.0,67,0.821009,2026-07-31,2026-09-18,11,60,
SNPS,2026-07-20,FAILED,0.556,4,3,1,3.0,0.5,2,1.0,4,0.57,2026-08-07,2026-09-18,18,60,contracts 4 < 10
SO,2026-07-20,FAILED,0.538,2,1,1,1.0,1.0,2,1.0,2,0.36,2026-08-21,2026-09-18,32,60,contracts 2 < 10
SOXX,2026-07-20,READY,0.914757,34,18,16,1.125,0.941176,6,1.0,24,0.745269,2026-07-31,2026-09-18,11,60,
SPXU,2026-07-20,REVIEW,0.688175,12,4,8,0.5,0.666667,5,1.0,9,0.52725,2026-07-31,2026-09-18,11,60,contracts 12 < 20 | call/put balance 0.667 < 0.700 | strike surface 0.527 < 0.700 | overall score 0.688 < 0.750
SPY,2026-07-20,READY,0.900392,1097,472,625,0.7552,0.860529,11,1.0,242,0.737709,2026-07-27,2026-09-18,7,60,
SQQQ,2026-07-20,REVIEW,0.834475,36,26,10,2.6,0.555556,5,1.0,24,0.670472,2026-07-31,2026-09-18,11,60,call/put balance 0.556 < 0.700 | strike surface 0.670 < 0.700
STLD,2026-07-20,FAILED,0.68175,6,3,3,1.0,1.0,2,1.0,6,0.639166,2026-08-21,2026-09-18,32,60,contracts 6 < 10
STT,2026-07-20,FAILED,0.707571,7,3,4,0.75,0.857143,2,1.0,6,0.746667,2026-08-21,2026-09-18,32,60,contracts 7 < 10
STX,2026-07-20,FAILED,0.6535,8,3,5,0.6,0.75,3,1.0,8,0.57,2026-07-31,2026-09-18,11,60,contracts 8 < 10
STZ,2026-07-20,FAILED,0.50125,5,4,1,4.0,0.4,4,1.0,4,0.3875,2026-08-07,2026-09-18,18,60,contracts 5 < 10
SWKS,2026-07-20,FAILED,0.621,4,2,2,1.0,1.0,2,1.0,3,0.536666,2026-08-21,2026-09-18,32,60,contracts 4 < 10
SYF,2026-07-20,FAILED,0.497,4,3,1,3.0,0.5,1,0.5,4,0.79,2026-08-21,2026-08-21,32,32,contracts 4 < 10
SYK,2026-07-20,FAILED,0.514,6,6,0,inf,0.0,2,1.0,6,0.58,2026-08-21,2026-09-18,32,60,contracts 6 < 10
T,2026-07-20,REVIEW,0.863838,33,24,9,2.6666666666666665,0.545455,6,1.0,12,0.7734,2026-07-31,2026-09-18,11,60,call/put balance 0.545 < 0.700
TAN,2026-07-20,FAILED,0.621,4,2,2,1.0,1.0,2,1.0,3,0.536666,2026-08-21,2026-09-18,32,60,contracts 4 < 10
TAP,2026-07-20,FAILED,0.296,2,2,0,inf,0.0,1,0.5,2,0.47,2026-08-21,2026-08-21,32,32,contracts 2 < 10 | overall score 0.296 < 0.450
TDG,2026-07-20,FAILED,0.4195,3,0,3,0.0,0.0,2,1.0,3,0.415,2026-08-21,2026-09-18,32,60,contracts 3 < 10 | overall score 0.419 < 0.450
TECH,2026-07-20,FAILED,0.248,1,1,0,inf,0.0,1,0.5,1,0.36,2026-09-18,2026-09-18,60,60,contracts 1 < 10 | overall score 0.248 < 0.450
TEL,2026-07-20,FAILED,0.546,4,3,1,3.0,0.5,2,1.0,3,0.536666,2026-08-21,2026-09-18,32,60,contracts 4 < 10
TER,2026-07-20,FAILED,0.5195,3,2,1,2.0,0.666667,2,1.0,3,0.415,2026-07-31,2026-08-21,11,32,contracts 3 < 10
TFC,2026-07-20,FAILED,0.618214,7,5,2,2.5,0.571429,2,1.0,5,0.591666,2026-08-21,2026-09-18,32,60,contracts 7 < 10
TGT,2026-07-20,REVIEW,0.6405,10,3,7,0.42857142857142855,0.6,5,1.0,8,0.501667,2026-07-31,2026-09-18,11,60,contracts 10 < 20 | call/put balance 0.600 < 0.700 | strike surface 0.502 < 0.700 | overall score 0.640 < 0.750
TJX,2026-07-20,FAILED,0.595542,9,7,2,3.5,0.444444,4,1.0,7,0.479583,2026-07-31,2026-09-18,11,60,contracts 9 < 10
TLT,2026-07-20,READY,0.945556,168,94,74,1.2702702702702702,0.880952,8,1.0,45,0.878044,2026-07-27,2026-09-18,7,60,
TMO,2026-07-20,FAILED,0.538,2,1,1,1.0,1.0,2,1.0,2,0.36,2026-07-31,2026-08-21,11,32,contracts 2 < 10
TMUS,2026-07-20,FAILED,0.575,5,3,2,1.5,0.8,3,1.0,5,0.433333,2026-07-31,2026-09-18,11,60,contracts 5 < 10
TPR,2026-07-20,REVIEW,0.697667,12,8,4,2.0,0.666667,6,1.0,10,0.558889,2026-07-31,2026-09-18,11,60,contracts 12 < 20 | call/put balance 0.667 < 0.700 | strike surface 0.559 < 0.700 | overall score 0.698 < 0.750
TQQQ,2026-07-20,READY,0.969866,134,68,66,1.0303030303030303,0.985075,6,1.0,46,0.907016,2026-07-31,2026-09-18,11,60,
TRI,2026-07-20,FAILED,0.248,1,0,1,0.0,0.0,1,0.5,1,0.36,2026-09-18,2026-09-18,60,60,contracts 1 < 10 | overall score 0.248 < 0.450
TRV,2026-07-20,FAILED,0.248,1,0,1,0.0,0.0,1,0.5,1,0.36,2026-08-21,2026-08-21,32,32,contracts 1 < 10 | overall score 0.248 < 0.450
TSCO,2026-07-20,FAILED,0.615,5,3,2,1.5,0.8,3,1.0,5,0.566667,2026-07-31,2026-08-28,11,39,contracts 5 < 10
TSLA,2026-07-20,READY,0.912371,347,194,153,1.2679738562091503,0.881844,8,1.0,94,0.76698,2026-07-27,2026-09-18,7,60,
TSN,2026-07-20,FAILED,0.5495,3,2,1,2.0,0.666667,2,1.0,2,0.515,2026-08-21,2026-09-18,32,60,contracts 3 < 10
TTD,2026-07-20,READY,0.898924,31,20,11,1.8181818181818181,0.709677,5,1.0,17,0.808242,2026-07-31,2026-09-18,11,60,
TTWO,2026-07-20,REVIEW,0.677,10,4,6,0.6666666666666666,0.8,5,1.0,8,0.523333,2026-07-31,2026-09-18,11,60,contracts 10 < 20 | strike surface 0.523 < 0.700 | overall score 0.677 < 0.750
TXN,2026-07-20,REVIEW,0.824607,16,7,9,0.7777777777777778,0.875,4,1.0,14,0.677857,2026-07-31,2026-09-18,11,60,contracts 16 < 20 | strike surface 0.678 < 0.700
TXT,2026-07-20,FAILED,0.248,1,1,0,inf,0.0,1,0.5,1,0.36,2026-08-21,2026-08-21,32,32,contracts 1 < 10 | overall score 0.248 < 0.450
UAL,2026-07-20,REVIEW,0.746619,17,13,4,3.25,0.470588,5,1.0,13,0.570104,2026-07-31,2026-09-18,11,60,contracts 17 < 20 | call/put balance 0.471 < 0.700 | strike surface 0.570 < 0.700 | overall score 0.747 < 0.750
UBER,2026-07-20,READY,0.883575,55,34,21,1.619047619047619,0.763636,5,1.0,27,0.730099,2026-07-31,2026-09-18,11,60,
UDR,2026-07-20,FAILED,0.248,1,1,0,inf,0.0,1,0.5,1,0.36,2026-08-21,2026-08-21,32,32,contracts 1 < 10 | overall score 0.248 < 0.450
UHS,2026-07-20,FAILED,0.248,1,0,1,0.0,0.0,1,0.5,1,0.36,2026-08-21,2026-08-21,32,32,contracts 1 < 10 | overall score 0.248 < 0.450
ULTA,2026-07-20,FAILED,0.296,2,0,2,0.0,0.0,1,0.5,2,0.47,2026-08-14,2026-08-14,25,25,contracts 2 < 10 | overall score 0.296 < 0.450
UNG,2026-07-20,REVIEW,0.797382,17,11,6,1.8333333333333333,0.705882,5,1.0,8,0.621667,2026-07-31,2026-09-18,11,60,contracts 17 < 20 | strike surface 0.622 < 0.700
UNH,2026-07-20,REVIEW,0.895584,61,29,32,0.90625,0.95082,5,1.0,36,0.676538,2026-07-31,2026-09-18,11,60,strike surface 0.677 < 0.700
UNP,2026-07-20,FAILED,0.595,5,3,2,1.5,0.8,3,1.0,4,0.5,2026-08-07,2026-09-18,18,60,contracts 5 < 10
UPRO,2026-07-20,READY,0.913406,25,13,12,1.0833333333333333,0.96,5,1.0,16,0.731352,2026-07-31,2026-09-18,11,60,
UPS,2026-07-20,READY,0.888686,20,13,7,1.8571428571428572,0.7,5,1.0,9,0.778952,2026-07-31,2026-09-18,11,60,
URI,2026-07-20,FAILED,0.248,1,1,0,inf,0.0,1,0.5,1,0.36,2026-08-21,2026-08-21,32,32,contracts 1 < 10 | overall score 0.248 < 0.450
USB,2026-07-20,FAILED,0.5795,6,4,2,2.0,0.666667,4,1.0,4,0.465,2026-08-07,2026-09-18,18,60,contracts 6 < 10
USO,2026-07-20,READY,0.925677,95,54,41,1.3170731707317074,0.863158,7,1.0,49,0.820678,2026-07-29,2026-09-18,9,60,
UVXY,2026-07-20,READY,0.877697,36,22,14,1.5714285714285714,0.777778,6,1.0,25,0.703435,2026-07-31,2026-09-18,11,60,
V,2026-07-20,REVIEW,0.83721,36,11,25,0.44,0.611111,6,1.0,26,0.65181,2026-07-31,2026-09-18,11,60,call/put balance 0.611 < 0.700 | strike surface 0.652 < 0.700
VEA,2026-07-20,FAILED,0.506,2,1,1,1.0,1.0,1,0.5,2,0.67,2026-09-18,2026-09-18,60,60,contracts 2 < 10
VEEV,2026-07-20,FAILED,0.296,2,2,0,inf,0.0,1,0.5,2,0.47,2026-08-21,2026-08-21,32,32,contracts 2 < 10 | overall score 0.296 < 0.450
VICI,2026-07-20,FAILED,0.5725,5,4,1,4.0,0.4,2,1.0,3,0.625,2026-08-21,2026-09-18,32,60,contracts 5 < 10
VIXY,2026-07-20,FAILED,0.451,4,4,0,inf,0.0,2,1.0,4,0.47,2026-08-21,2026-09-18,32,60,contracts 4 < 10
VLO,2026-07-20,FAILED,0.596,8,2,6,0.3333333333333333,0.5,4,1.0,8,0.503333,2026-07-31,2026-09-18,11,60,contracts 8 < 10
VLTO,2026-07-20,FAILED,0.248,1,1,0,inf,0.0,1,0.5,1,0.36,2026-08-21,2026-08-21,32,32,contracts 1 < 10 | overall score 0.248 < 0.450
VLUE,2026-07-20,FAILED,0.248,1,0,1,0.0,0.0,1,0.5,1,0.36,2026-09-18,2026-09-18,60,60,contracts 1 < 10 | overall score 0.248 < 0.450
VNQ,2026-07-20,FAILED,0.484,3,1,2,0.5,0.666667,1,0.5,3,0.713333,2026-08-21,2026-08-21,32,32,contracts 3 < 10
VOO,2026-07-20,REVIEW,0.734108,13,4,9,0.4444444444444444,0.615385,5,1.0,11,0.656,2026-07-31,2026-09-18,11,60,contracts 13 < 20 | call/put balance 0.615 < 0.700 | strike surface 0.656 < 0.700 | overall score 0.734 < 0.750
VRT,2026-07-20,REVIEW,0.840434,17,8,9,0.8888888888888888,0.941176,5,1.0,16,0.647524,2026-07-31,2026-09-18,11,60,contracts 17 < 20 | strike surface 0.648 < 0.700
VRTX,2026-07-20,FAILED,0.511,8,0,8,0.0,0.0,4,1.0,5,0.47,2026-07-31,2026-08-28,11,39,contracts 8 < 10
VST,2026-07-20,READY,0.893294,23,13,10,1.3,0.869565,5,1.0,15,0.70953,2026-07-31,2026-09-18,11,60,
VTI,2026-07-20,FAILED,0.44,5,5,0,inf,0.0,1,0.5,5,0.8,2026-08-21,2026-08-21,32,32,contracts 5 < 10 | overall score 0.440 < 0.450
VTRS,2026-07-20,FAILED,0.621,4,2,2,1.0,1.0,2,1.0,3,0.536666,2026-08-21,2026-09-18,32,60,contracts 4 < 10
VTV,2026-07-20,FAILED,0.506,2,1,1,1.0,1.0,1,0.5,2,0.67,2026-08-21,2026-08-21,32,32,contracts 2 < 10
VUG,2026-07-20,FAILED,0.603357,7,6,1,6.0,0.285714,2,1.0,7,0.685,2026-08-21,2026-09-18,32,60,contracts 7 < 10
VWO,2026-07-20,FAILED,0.5495,3,2,1,2.0,0.666667,2,1.0,3,0.515,2026-08-21,2026-09-18,32,60,contracts 3 < 10
VYM,2026-07-20,FAILED,0.506,2,1,1,1.0,1.0,1,0.5,2,0.67,2026-08-21,2026-08-21,32,32,contracts 2 < 10
VZ,2026-07-20,REVIEW,0.853123,31,21,10,2.1,0.645161,6,1.0,15,0.687829,2026-07-31,2026-09-18,11,60,call/put balance 0.645 < 0.700 | strike surface 0.688 < 0.700
WBD,2026-07-20,REVIEW,0.855973,33,19,14,1.3571428571428572,0.848485,6,1.0,17,0.595666,2026-07-31,2026-09-18,11,60,strike surface 0.596 < 0.700
WDAY,2026-07-20,FAILED,0.622714,7,5,2,2.5,0.571429,3,1.0,7,0.606667,2026-07-31,2026-09-18,11,60,contracts 7 < 10
WDC,2026-07-20,READY,0.924555,20,12,8,1.5,0.8,3,1.0,18,0.848516,2026-07-31,2026-09-18,11,60,
WEC,2026-07-20,FAILED,0.248,1,1,0,inf,0.0,1,0.5,1,0.36,2026-08-21,2026-08-21,32,32,contracts 1 < 10 | overall score 0.248 < 0.450
WELL,2026-07-20,FAILED,0.556,4,1,3,0.3333333333333333,0.5,2,1.0,3,0.57,2026-08-21,2026-09-18,32,60,contracts 4 < 10
WFC,2026-07-20,REVIEW,0.889714,30,17,13,1.3076923076923077,0.866667,5,1.0,18,0.699048,2026-07-31,2026-09-18,11,60,strike surface 0.699 < 0.700
WM,2026-07-20,FAILED,0.506,2,1,1,1.0,1.0,1,0.5,2,0.67,2026-08-21,2026-08-21,32,32,contracts 2 < 10
WMB,2026-07-20,FAILED,0.50125,5,4,1,4.0,0.4,4,1.0,4,0.3875,2026-08-07,2026-09-18,18,60,contracts 5 < 10
WMT,2026-07-20,READY,0.8925,57,37,20,1.85,0.701754,6,1.0,26,0.790789,2026-07-31,2026-09-18,11,60,
WSM,2026-07-20,FAILED,0.388,2,0,2,0.0,0.0,2,1.0,2,0.36,2026-08-21,2026-09-18,32,60,contracts 2 < 10 | overall score 0.388 < 0.450
WST,2026-07-20,FAILED,0.248,1,0,1,0.0,0.0,1,0.5,1,0.36,2026-08-21,2026-08-21,32,32,contracts 1 < 10 | overall score 0.248 < 0.450
WY,2026-07-20,FAILED,0.344,3,3,0,inf,0.0,1,0.5,3,0.58,2026-08-21,2026-08-21,32,32,contracts 3 < 10 | overall score 0.344 < 0.450
WYNN,2026-07-20,FAILED,0.581,6,2,4,0.5,0.666667,3,1.0,6,0.47,2026-08-07,2026-09-18,18,60,contracts 6 < 10
XBI,2026-07-20,REVIEW,0.826814,27,7,20,0.35,0.518519,4,1.0,21,0.663453,2026-07-31,2026-09-18,11,60,call/put balance 0.519 < 0.700 | strike surface 0.663 < 0.700
XEL,2026-07-20,FAILED,0.248,1,1,0,inf,0.0,1,0.5,1,0.36,2026-08-21,2026-08-21,32,32,contracts 1 < 10 | overall score 0.248 < 0.450
XHB,2026-07-20,FAILED,0.296,2,0,2,0.0,0.0,1,0.5,2,0.47,2026-07-31,2026-07-31,11,11,contracts 2 < 10 | overall score 0.296 < 0.450
XLB,2026-07-20,REVIEW,0.801563,15,6,9,0.6666666666666666,0.8,4,1.0,14,0.688542,2026-07-31,2026-09-18,11,60,contracts 15 < 20 | strike surface 0.689 < 0.700
XLC,2026-07-20,FAILED,0.707571,7,3,4,0.75,0.857143,2,1.0,5,0.746667,2026-08-21,2026-09-18,32,60,contracts 7 < 10
XLE,2026-07-20,REVIEW,0.866033,47,28,19,1.4736842105263157,0.808511,5,1.0,25,0.649188,2026-07-31,2026-09-18,11,60,strike surface 0.649 < 0.700
XLF,2026-07-20,REVIEW,0.886212,60,33,27,1.2222222222222223,0.9,8,1.0,26,0.670708,2026-07-27,2026-09-18,7,60,strike surface 0.671 < 0.700
XLI,2026-07-20,FAILED,0.58775,6,1,5,0.2,0.333333,2,1.0,6,0.659166,2026-07-31,2026-09-18,11,60,contracts 6 < 10
XLK,2026-07-20,REVIEW,0.865763,24,7,17,0.4117647058823529,0.583333,5,1.0,20,0.760875,2026-07-31,2026-09-18,11,60,call/put balance 0.583 < 0.700
XLP,2026-07-20,REVIEW,0.873099,26,9,17,0.5294117647058824,0.692308,5,1.0,17,0.730841,2026-07-31,2026-09-18,11,60,call/put balance 0.692 < 0.700
XLRE,2026-07-20,FAILED,0.5195,3,2,1,2.0,0.666667,2,1.0,3,0.415,2026-08-21,2026-09-18,32,60,contracts 3 < 10
XLU,2026-07-20,REVIEW,0.860057,20,13,7,1.8571428571428572,0.7,5,1.0,11,0.683524,2026-07-31,2026-09-18,11,60,strike surface 0.684 < 0.700
XLV,2026-07-20,REVIEW,0.888893,18,9,9,1.0,1.0,4,1.0,13,0.729643,2026-07-31,2026-09-18,11,60,contracts 18 < 20
XLY,2026-07-20,FAILED,0.745333,9,5,4,1.25,0.888889,2,1.0,8,0.756666,2026-08-21,2026-09-18,32,60,contracts 9 < 10
XOM,2026-07-20,READY,0.893422,49,31,18,1.7222222222222223,0.734694,6,1.0,22,0.777393,2026-07-31,2026-09-18,11,60,
XOP,2026-07-20,REVIEW,0.901857,21,10,11,0.9090909090909091,0.952381,6,1.0,13,0.696667,2026-07-31,2026-09-18,11,60,strike surface 0.697 < 0.700
XRT,2026-07-20,FAILED,0.599,4,2,2,1.0,1.0,3,1.0,4,0.463333,2026-07-31,2026-09-18,11,60,contracts 4 < 10
XYZ,2026-07-20,REVIEW,0.822131,14,6,8,0.75,0.857143,3,1.0,11,0.778531,2026-07-31,2026-09-18,11,60,contracts 14 < 20
YUM,2026-07-20,FAILED,0.451,4,4,0,inf,0.0,2,1.0,3,0.47,2026-08-21,2026-09-18,32,60,contracts 4 < 10
ZBRA,2026-07-20,FAILED,0.248,1,0,1,0.0,0.0,1,0.5,1,0.36,2026-08-21,2026-08-21,32,32,contracts 1 < 10 | overall score 0.248 < 0.450
ZTS,2026-07-20,FAILED,0.701214,9,3,6,0.5,0.666667,2,1.0,8,0.720714,2026-08-21,2026-09-18,32,60,contracts 9 < 10
