symbol,signal,strategy,sector,ai_score,base_ai_score,dealer_score_adjustment,dealer_context_status,dealer_snapshot_date,institutional_positioning_score,positioning_label,gamma_regime,gamma_flip,primary_call_wall,primary_put_wall,range_probability,breakout_probability,market_structure_confidence,confidence,underlying_price,strike,expiry,spread_pct,option_volume,open_interest,quote_timestamp,option_data_source,price_source,last_price,ask,bid,contract_ticker,dte,option_entry,target_price,stop_price,contracts,estimated_cost,max_risk,estimated_reward,reward_risk_ratio,delta,gamma,theta,vega,rho,volatility,market_regime,technical_score,greeks_score,regime_score,volatility_score,risk_score,portfolio_penalty,portfolio_notes,ranking_reason,trade_notes
SO,CALL,LONG_CALL,Unknown,94.4699244311791,89.16713809314413,5.302786338034967,FRESH,2026-07-24,40.17350919601039,NEUTRAL,NEGATIVE_GAMMA,,100.0,95.0,35.0,75.0,90.0,HIGH,96.5999984741211,97.5,2026-11-20,0.06741573033707862,20,268,2026-07-24,POLYGON_PERSISTED,POLYGON_PERSISTED_QUOTE,3.7,4.6,4.3,O:SO261120C00097500,119,4.449999999999999,5.784999999999999,3.7824999999999993,4,1779.9999999999998,267.0,534.0,2.0,0.5093837343242921,0.034748829414673416,-0.01922520011434737,0.21751403049095772,0.0,0.21047294601688712,BULL_TREND,80.0,88.66855237257653,100.0,100.0,100.0,0.0,,"Technical=80.0 | Greeks=88.7 | Regime=100.0 | Volatility=100.0 | Risk=100.0 | Signal aligned with market regime. | Greeks are in preferred range. | Target-delta strike=97.50; spot=96.60; target |delta|=0.45; estimated delta=0.4552; moneyness=1.45%. | expiration_mode=automatic; selected_dte=119. | Dealer positioning NEUTRAL (NEGATIVE_GAMMA), adjustment=+5.30, confidence=90.00.",Live contract: O:SO261120C00097500. | Entry source: POLYGON_PERSISTED_QUOTE; quote time: 2026-07-24. | High AI score candidate. | Bullish options candidate.
UPS,CALL,LONG_CALL,Unknown,93.71248200616057,89.01296157913171,4.699520427028855,FRESH,2026-07-24,40.67334278568575,NEUTRAL,NEGATIVE_GAMMA,,120.0,100.0,35.0,75.0,90.0,HIGH,114.0999984741211,115.0,2026-11-20,0.07536231884057955,27,279,2026-07-24,POLYGON_PERSISTED,POLYGON_PERSISTED_QUOTE,8.49,8.95,8.3,O:UPS261120C00115000,119,8.625,11.2125,7.33125,2,1725.0,258.75000000000006,517.5000000000001,2.0,0.5186092260903099,0.01762142428491115,-0.03580131641439329,0.25481860567192716,0.0,0.35516156322269765,BULL_TREND,80.0,88.05184631652682,100.0,100.0,100.0,0.0,,"Technical=80.0 | Greeks=88.1 | Regime=100.0 | Volatility=100.0 | Risk=100.0 | Signal aligned with market regime. | Greeks are in preferred range. | Target-delta strike=115.00; spot=114.10; target |delta|=0.45; estimated delta=0.6436; moneyness=0.79%. | expiration_mode=automatic; selected_dte=119. | Dealer positioning NEUTRAL (NEGATIVE_GAMMA), adjustment=+4.70, confidence=90.00.",Live contract: O:UPS261120C00115000. | Entry source: POLYGON_PERSISTED_QUOTE; quote time: 2026-07-24. | High AI score candidate. | Bullish options candidate.
CVS,CALL,LONG_CALL,Unknown,93.36805337923076,88.47884344903379,4.889209930196976,FRESH,2026-07-24,42.813353753015775,NEUTRAL,NEGATIVE_GAMMA,,110.0,70.0,35.0,75.0,90.0,HIGH,106.88999938964844,110.0,2026-11-20,0.03797468354430389,22,782,2026-07-24,POLYGON_PERSISTED,POLYGON_PERSISTED_QUOTE,7.92,8.05,7.75,O:CVS261120C00110000,119,7.9,10.270000000000001,6.715,2,1580.0,237.0000000000001,474.0000000000002,2.0,0.5036642117270458,0.018257962598600238,-0.037062365180414496,0.24289576189914347,0.0,0.35615528380130057,BULL_TREND,80.0,85.91537379613514,100.0,100.0,100.0,0.0,,"Technical=80.0 | Greeks=85.9 | Regime=100.0 | Volatility=100.0 | Risk=100.0 | Signal aligned with market regime. | Greeks are in preferred range. | Target-delta strike=110.00; spot=106.89; target |delta|=0.45; estimated delta=0.7089; moneyness=0.57%. | expiration_mode=automatic; selected_dte=119. | Dealer positioning NEUTRAL (NEGATIVE_GAMMA), adjustment=+4.89, confidence=90.00.",Live contract: O:CVS261120C00110000. | Entry source: POLYGON_PERSISTED_QUOTE; quote time: 2026-07-24. | High AI score candidate. | Bullish options candidate.
BAC,CALL,LONG_CALL,Unknown,91.74450522697175,87.36404867743921,4.3804565495325445,FRESH,2026-07-24,42.78261119148654,NEUTRAL,NEGATIVE_GAMMA,,65.0,50.0,35.0,75.0,90.0,HIGH,61.279998779296875,62.5,2026-10-16,0.03208556149732632,660,6112,2026-07-24,POLYGON_PERSISTED,POLYGON_PERSISTED_QUOTE,2.78,2.85,2.76,O:BAC261016C00062500,84,2.8049999999999997,3.6464999999999996,2.3842499999999998,7,1963.4999999999998,294.525,589.05,2.0,0.5110902960386958,0.05545372866648048,-0.018789113075620898,0.11748115796557698,0.0,0.24440119873942975,BULL_TREND,80.0,81.45619470975686,100.0,100.0,100.0,0.0,,"Technical=80.0 | Greeks=81.5 | Regime=100.0 | Volatility=100.0 | Risk=100.0 | Signal aligned with market regime. | Greeks are in preferred range. | Target-delta strike=62.50; spot=61.28; target |delta|=0.45; estimated delta=0.3881; moneyness=1.17%. | expiration_mode=automatic; selected_dte=84. | Dealer positioning NEUTRAL (NEGATIVE_GAMMA), adjustment=+4.38, confidence=90.00.",Live contract: O:BAC261016C00062500. | Entry source: POLYGON_PERSISTED_QUOTE; quote time: 2026-07-24. | High AI score candidate. | Bullish options candidate.
BMY,CALL,LONG_CALL,Unknown,91.59290889685857,86.89326548050643,4.69964341635214,FRESH,2026-07-24,40.477260816519674,NEUTRAL,NEGATIVE_GAMMA,,60.0,55.0,35.0,75.0,90.0,HIGH,61.5099983215332,62.5,2026-10-16,0.04255319148936167,53,534,2026-07-24,POLYGON_PERSISTED,POLYGON_PERSISTED_QUOTE,3.45,3.6,3.45,O:BMY261016C00062500,84,3.5250000000000004,4.5825000000000005,2.9962500000000003,5,1762.5,264.375,528.75,2.0,0.501084776400776,0.04194238264230871,-0.021914041394853045,0.11675578521040457,0.0,0.3258191068362816,BULL_TREND,80.0,79.5730619220257,100.0,100.0,100.0,0.0,,"Technical=80.0 | Greeks=79.6 | Regime=100.0 | Volatility=100.0 | Risk=100.0 | Signal aligned with market regime. | Target-delta strike=62.50; spot=61.51; target |delta|=0.45; estimated delta=0.5379; moneyness=0.80%. | expiration_mode=automatic; selected_dte=84. | Dealer positioning NEUTRAL (NEGATIVE_GAMMA), adjustment=+4.70, confidence=90.00.",Live contract: O:BMY261016C00062500. | Entry source: POLYGON_PERSISTED_QUOTE; quote time: 2026-07-24. | High AI score candidate. | Bullish options candidate.
SCHW,CALL,LONG_CALL,Unknown,90.39829016912138,86.25608892784491,4.14220124127647,FRESH,2026-07-24,41.20119940381187,NEUTRAL,NEGATIVE_GAMMA,,105.0,95.0,35.0,75.0,90.0,HIGH,101.61000061035156,105.0,2026-10-16,0.03680981595092033,27,2567,2026-07-24,POLYGON_PERSISTED,POLYGON_PERSISTED_QUOTE,3.89,4.15,4.0,O:SCHW261016C00105000,84,4.075,5.2975,3.46375,4,1630.0,244.50000000000003,489.00000000000006,2.0,0.4471564304980457,0.030820225819511653,-0.03287286722649342,0.19654203208414042,0.0,0.2638492236342356,BULL_TREND,80.0,77.02435571137966,100.0,100.0,100.0,0.0,,"Technical=80.0 | Greeks=77.0 | Regime=100.0 | Volatility=100.0 | Risk=100.0 | Signal aligned with market regime. | Target-delta strike=105.00; spot=101.61; target |delta|=0.45; estimated delta=0.5114; moneyness=0.88%. | expiration_mode=automatic; selected_dte=84. | Dealer positioning NEUTRAL (NEGATIVE_GAMMA), adjustment=+4.14, confidence=90.00.",Live contract: O:SCHW261016C00105000. | Entry source: POLYGON_PERSISTED_QUOTE; quote time: 2026-07-24. | High AI score candidate. | Bullish options candidate.
MMM,CALL,LONG_CALL,Unknown,89.57816609703154,85.83018013391651,3.747985963115026,FRESH,2026-07-24,40.069364781160004,NEUTRAL,NEGATIVE_GAMMA,,170.0,160.0,45.0,65.0,90.0,HIGH,169.58999633789062,175.0,2026-10-16,0.06984126984126993,50,524,2026-07-24,POLYGON_PERSISTED,POLYGON_PERSISTED_QUOTE,8.0,8.15,7.6,O:MMM261016C00175000,84,7.875,10.2375,6.69375,2,1575.0,236.25000000000006,472.5000000000001,2.0,0.49331758130697845,0.01862006829734887,-0.05522608462081261,0.32835517762248206,0.0,0.260523222976081,BULL_TREND,80.0,75.32072053566608,100.0,100.0,100.0,0.0,,"Technical=80.0 | Greeks=75.3 | Regime=100.0 | Volatility=100.0 | Risk=100.0 | Signal aligned with market regime. | Target-delta strike=175.00; spot=169.59; target |delta|=0.45; estimated delta=0.2774; moneyness=1.72%. | expiration_mode=automatic; selected_dte=84. | Dealer positioning NEUTRAL (NEGATIVE_GAMMA), adjustment=+3.75, confidence=90.00.",Live contract: O:MMM261016C00175000. | Entry source: POLYGON_PERSISTED_QUOTE; quote time: 2026-07-24. | High AI score candidate. | Bullish options candidate.
KMI,CALL,LONG_CALL,Unknown,89.03493301245634,84.47610958648568,4.558823425970664,FRESH,2026-07-24,41.74763748087517,NEUTRAL,NEGATIVE_GAMMA,,35.0,28.0,35.0,75.0,90.0,HIGH,32.77000045776367,33.0,2026-08-07,0.2439024390243903,21,284,2026-07-24,POLYGON_PERSISTED,POLYGON_PERSISTED_QUOTE,0.43,0.46,0.36,O:KMI260807C00033000,14,0.41000000000000003,0.533,0.34850000000000003,48,1968.0,295.2,590.4,2.0,0.4648978109454424,0.3439603812511863,-0.016380725109794103,0.025521303523788272,0.0,0.18142775013030177,BULL_TREND,80.0,69.90443834594271,100.0,100.0,100.0,0.0,,"Technical=80.0 | Greeks=69.9 | Regime=100.0 | Volatility=100.0 | Risk=100.0 | Signal aligned with market regime. | Target-delta strike=33.00; spot=32.77; target |delta|=0.45; estimated delta=0.0203; moneyness=0.70%. | expiration_mode=automatic; selected_dte=14. | Dealer positioning NEUTRAL (NEGATIVE_GAMMA), adjustment=+4.56, confidence=90.00.",Live contract: O:KMI260807C00033000. | Entry source: POLYGON_PERSISTED_QUOTE; quote time: 2026-07-24. | High AI score candidate. | Bullish options candidate.
EIX,CALL,LONG_CALL,Unknown,88.99294064960104,87.60682771995324,1.3861129296477985,FRESH,2026-07-24,40.29714678011996,NEUTRAL,NEGATIVE_GAMMA,,80.0,65.0,35.0,75.0,89.8019801980198,HIGH,79.63999938964844,77.5,2026-10-16,0.19354838709677424,32,418,2026-07-24,POLYGON_PERSISTED,POLYGON_PERSISTED_QUOTE,5.99,6.8,5.6,O:EIX261016C00077500,84,6.199999999999999,8.059999999999999,5.27,3,1859.9999999999998,278.9999999999999,557.9999999999998,2.0,0.5794393009219492,0.02916880473559302,-0.029212146444803088,0.1474928691148396,0.0,0.3565449184795494,BULL_TREND,80.0,82.42731087981299,100.0,100.0,100.0,0.0,,"Technical=80.0 | Greeks=82.4 | Regime=100.0 | Volatility=100.0 | Risk=100.0 | Signal aligned with market regime. | Greeks are in preferred range. | Target-delta strike=77.50; spot=79.64; target |delta|=0.45; estimated delta=0.2223; moneyness=1.71%. | expiration_mode=automatic; selected_dte=84. | Dealer positioning NEUTRAL (NEGATIVE_GAMMA), adjustment=+1.39, confidence=89.80.",Live contract: O:EIX261016C00077500. | Entry source: POLYGON_PERSISTED_QUOTE; quote time: 2026-07-24. | High AI score candidate. | Bullish options candidate.
PM,CALL,LONG_CALL,Unknown,88.53340646320834,84.30353545077386,4.229871012434472,FRESH,2026-07-24,41.01770621290536,NEUTRAL,NEGATIVE_GAMMA,,200.0,175.0,35.0,75.0,90.0,HIGH,191.1199951171875,195.0,2026-11-20,0.17490494296577952,38,785,2026-07-24,POLYGON_PERSISTED,POLYGON_PERSISTED_QUOTE,14.23,14.3,12.0,O:PM261120C00195000,119,13.15,17.095000000000002,11.1775,1,1315.0,197.25,394.5000000000002,2.0000000000000013,0.5168260553889836,0.011563719311273602,-0.05920901984827144,0.43309013283072134,0.0,0.31524139389932204,BULL_TREND,80.0,69.21414180309549,100.0,100.0,100.0,0.0,,"Technical=80.0 | Greeks=69.2 | Regime=100.0 | Volatility=100.0 | Risk=100.0 | Signal aligned with market regime. | Target-delta strike=195.00; spot=191.12; target |delta|=0.45; estimated delta=0.3441; moneyness=2.03%. | expiration_mode=automatic; selected_dte=119. | Dealer positioning NEUTRAL (NEGATIVE_GAMMA), adjustment=+4.23, confidence=90.00.",Live contract: O:PM261120C00195000. | Entry source: POLYGON_PERSISTED_QUOTE; quote time: 2026-07-24. | High AI score candidate. | Bullish options candidate.
STT,CALL,LONG_CALL,Unknown,88.05135116041853,83.7902018424094,4.26114931800913,FRESH,2026-07-24,41.475113804440085,NEUTRAL,NEGATIVE_GAMMA,,175.0,180.0,35.0,75.0,90.0,HIGH,184.2100067138672,190.0,2026-11-20,0.10970464135021103,81,108,2026-07-24,POLYGON_PERSISTED,POLYGON_PERSISTED_QUOTE,11.86,12.5,11.2,O:STT261120C00190000,119,11.85,15.405,10.0725,1,1185.0,177.75,355.5,2.0,0.48926582640074556,0.011786171594259291,-0.059085957047009266,0.4194967701982555,0.0,0.32026169967489826,BULL_TREND,80.0,67.16080736963762,100.0,100.0,100.0,0.0,,"Technical=80.0 | Greeks=67.2 | Regime=100.0 | Volatility=100.0 | Risk=100.0 | Signal aligned with market regime. | Target-delta strike=190.00; spot=184.21; target |delta|=0.45; estimated delta=0.3811; moneyness=1.79%. | expiration_mode=automatic; selected_dte=119. | Dealer positioning NEUTRAL (NEGATIVE_GAMMA), adjustment=+4.26, confidence=90.00.",Live contract: O:STT261120C00190000. | Entry source: POLYGON_PERSISTED_QUOTE; quote time: 2026-07-24. | High AI score candidate. | Bullish options candidate.
RF,CALL,LONG_CALL,Unknown,88.01203644571788,83.0877090375185,4.924327408199394,FRESH,2026-07-24,41.6263736206699,NEUTRAL,NEGATIVE_GAMMA,,32.0,25.0,35.0,75.0,90.0,HIGH,30.65999984741211,31.0,2026-11-20,0.15789473684210517,60,223,2026-07-24,POLYGON_PERSISTED,POLYGON_PERSISTED_QUOTE,1.54,2.05,1.75,O:RF261120C00031000,119,1.9,2.4699999999999998,1.615,10,1900.0,284.99999999999994,569.9999999999999,2.0,0.51239245002075,0.08005885612921329,-0.008160976431584853,0.06890540293128314,0.0,0.2882580329736412,BULL_TREND,70.0,80.350836150074,100.0,100.0,100.0,0.0,,"Technical=70.0 | Greeks=80.4 | Regime=100.0 | Volatility=100.0 | Risk=100.0 | Signal aligned with market regime. | Greeks are in preferred range. | Target-delta strike=31.00; spot=30.66; target |delta|=0.45; estimated delta=0.5690; moneyness=1.11%. | expiration_mode=automatic; selected_dte=119. | Dealer positioning NEUTRAL (NEGATIVE_GAMMA), adjustment=+4.92, confidence=90.00.",Live contract: O:RF261120C00031000. | Entry source: POLYGON_PERSISTED_QUOTE; quote time: 2026-07-24. | High AI score candidate. | Bullish options candidate.
AMGN,CALL,LONG_CALL,Unknown,87.91100320205989,82.68885378188635,5.22214942017354,FRESH,2026-07-24,41.997520201146074,NEUTRAL,NEGATIVE_GAMMA,,440.0,330.0,35.0,75.0,90.0,HIGH,371.5,375.0,2026-07-31,0.17490494296577952,53,251,2026-07-24,POLYGON_PERSISTED,POLYGON_PERSISTED_QUOTE,7.38,7.15,6.0,O:AMGN260731C00375000,7,6.575,8.547500000000001,5.58875,3,1972.5000000000002,295.875,591.7500000000003,2.0000000000000013,0.47063447758559196,0.021677911603496924,-0.5328605239160634,0.20578715198888406,0.0,0.3576097939996395,BULL_TREND,80.0,62.7554151275454,100.0,100.0,100.0,0.0,,"Technical=80.0 | Greeks=62.8 | Regime=100.0 | Volatility=100.0 | Risk=100.0 | Signal aligned with market regime. | Target-delta strike=375.00; spot=371.50; target |delta|=0.45; estimated delta=0.0047; moneyness=0.94%. | expiration_mode=automatic; selected_dte=7. | Dealer positioning NEUTRAL (NEGATIVE_GAMMA), adjustment=+5.22, confidence=90.00.",Live contract: O:AMGN260731C00375000. | Entry source: POLYGON_PERSISTED_QUOTE; quote time: 2026-07-24. | High AI score candidate. | Bullish options candidate.
WFC,CALL,LONG_CALL,Unknown,87.64737933277267,82.44048114728292,5.206898185489749,FRESH,2026-07-24,43.86083073806357,NEUTRAL,NEGATIVE_GAMMA,,90.0,80.0,35.0,75.0,90.0,HIGH,86.19000244140625,90.0,2026-11-20,0.04999999999999993,10,4416,2026-07-24,POLYGON_PERSISTED,POLYGON_PERSISTED_QUOTE,4.0,4.1,3.9,O:WFC261120C00090000,119,4.0,5.2,3.4,5,2000.0,300.00000000000006,600.0000000000001,2.0,0.43395530111735015,0.029383793180587894,-0.023592660278863902,0.1983373570156554,0.0,0.2732346700173907,BULL_TREND,70.0,77.76192458913167,100.0,100.0,100.0,0.0,,"Technical=70.0 | Greeks=77.8 | Regime=100.0 | Volatility=100.0 | Risk=100.0 | Signal aligned with market regime. | Target-delta strike=90.00; spot=86.19; target |delta|=0.45; estimated delta=0.6080; moneyness=0.94%. | expiration_mode=automatic; selected_dte=119. | Dealer positioning NEUTRAL (NEGATIVE_GAMMA), adjustment=+5.21, confidence=90.00.",Live contract: O:WFC261120C00090000. | Entry source: POLYGON_PERSISTED_QUOTE; quote time: 2026-07-24. | High AI score candidate. | Bullish options candidate.
SYY,CALL,LONG_CALL,Unknown,87.54197253994275,83.29485641290847,4.247116127034278,FRESH,2026-07-24,41.260815538774025,NEUTRAL,NEGATIVE_GAMMA,,85.0,75.0,45.0,65.0,90.0,HIGH,81.7300033569336,85.0,2026-11-20,0.15789473684210517,111,249,2026-07-24,POLYGON_PERSISTED,POLYGON_PERSISTED_QUOTE,3.9,4.1,3.5,O:SYY261120C00085000,119,3.8,4.9399999999999995,3.23,5,1900.0,284.99999999999994,569.9999999999999,2.0,0.46261372724035255,0.03455470735628192,-0.019262216829151853,0.1879250683153785,0.0,0.24254672687034207,BULL_TREND,70.0,81.17942565163386,100.0,100.0,100.0,0.0,,"Technical=70.0 | Greeks=81.2 | Regime=100.0 | Volatility=100.0 | Risk=100.0 | Signal aligned with market regime. | Greeks are in preferred range. | Target-delta strike=85.00; spot=81.73; target |delta|=0.45; estimated delta=0.4342; moneyness=1.55%. | expiration_mode=automatic; selected_dte=119. | Dealer positioning NEUTRAL (NEGATIVE_GAMMA), adjustment=+4.25, confidence=90.00.",Live contract: O:SYY261120C00085000. | Entry source: POLYGON_PERSISTED_QUOTE; quote time: 2026-07-24. | High AI score candidate. | Bullish options candidate.
USB,CALL,LONG_CALL,Unknown,87.51262970174379,86.3420244282824,1.1706052734613879,FRESH,2026-07-24,40.843800875360245,NEUTRAL,NEGATIVE_GAMMA,,65.0,55.0,35.0,75.0,90.0,HIGH,63.33000183105469,65.0,2026-10-16,0.07604562737642592,178,603,2026-07-24,POLYGON_PERSISTED,POLYGON_PERSISTED_QUOTE,2.2,2.73,2.53,O:USB261016C00065000,84,2.63,3.419,2.2355,7,1841.0,276.1499999999999,552.3000000000002,2.0000000000000013,0.4712075435585446,0.05198343923451338,-0.018346326244581337,0.12146896623765505,0.0,0.2504795958342024,BULL_TREND,80.0,77.3680977131296,100.0,100.0,100.0,0.0,,"Technical=80.0 | Greeks=77.4 | Regime=100.0 | Volatility=100.0 | Risk=100.0 | Signal aligned with market regime. | Target-delta strike=65.00; spot=63.33; target |delta|=0.45; estimated delta=0.4384; moneyness=1.06%. | expiration_mode=automatic; selected_dte=84. | Dealer positioning NEUTRAL (NEGATIVE_GAMMA), adjustment=+1.17, confidence=90.00.",Live contract: O:USB261016C00065000. | Entry source: POLYGON_PERSISTED_QUOTE; quote time: 2026-07-24. | High AI score candidate. | Bullish options candidate.
SJM,CALL,LONG_CALL,Unknown,87.43696930650802,83.75144660133073,3.6855227051772887,FRESH,2026-07-24,39.093641228844916,MODERATELY_BEARISH,NEGATIVE_GAMMA,,115.0,100.0,35.0,75.0,90.0,HIGH,115.70999908447266,125.0,2026-10-16,0.1866666666666666,20,275,2026-07-24,POLYGON_PERSISTED,POLYGON_PERSISTED_QUOTE,3.8,4.1,3.4,O:SJM261016C00125000,84,3.75,4.875,3.1875,5,1875.0,281.25,562.5,2.0,0.361995570251679,0.023339043509553372,-0.03565913339712729,0.19906119688483578,0.0,0.288382335595533,BULL_TREND,80.0,67.00578640532292,100.0,100.0,100.0,0.0,,"Technical=80.0 | Greeks=67.0 | Regime=100.0 | Volatility=100.0 | Risk=100.0 | Signal aligned with market regime. | Target-delta strike=125.00; spot=115.71; target |delta|=0.45; estimated delta=0.3173; moneyness=1.55%. | expiration_mode=automatic; selected_dte=84. | Dealer positioning MODERATELY_BEARISH (NEGATIVE_GAMMA), adjustment=+3.69, confidence=90.00.",Live contract: O:SJM261016C00125000. | Entry source: POLYGON_PERSISTED_QUOTE; quote time: 2026-07-24. | High AI score candidate. | Bullish options candidate.
MTB,CALL,LONG_CALL,Unknown,87.4255499830022,83.23344758559014,4.192102397412059,FRESH,2026-07-24,39.94446359899813,MODERATELY_BEARISH,NEGATIVE_GAMMA,,270.0,190.0,35.0,75.0,79.749,HIGH,245.97000122070312,250.0,2026-10-16,0.22018348623853218,164,202,2026-07-24,POLYGON_PERSISTED,POLYGON_PERSISTED_QUOTE,10.02,12.1,9.7,O:MTB261016C00250000,84,10.899999999999999,14.169999999999998,9.264999999999999,1,1089.9999999999998,163.49999999999997,326.99999999999994,2.0,0.5233248651613007,0.01485895044542704,-0.06907599930154834,0.47030876193916527,0.0,0.2276598603943898,BULL_TREND,80.0,64.93379034236055,100.0,100.0,100.0,0.0,,"Technical=80.0 | Greeks=64.9 | Regime=100.0 | Volatility=100.0 | Risk=100.0 | Signal aligned with market regime. | Target-delta strike=250.00; spot=245.97; target |delta|=0.45; estimated delta=0.2208; moneyness=1.64%. | expiration_mode=automatic; selected_dte=84. | Dealer positioning MODERATELY_BEARISH (NEGATIVE_GAMMA), adjustment=+4.19, confidence=79.75.",Live contract: O:MTB261016C00250000. | Entry source: POLYGON_PERSISTED_QUOTE; quote time: 2026-07-24. | High AI score candidate. | Bullish options candidate.
MET,CALL,LONG_CALL,Unknown,87.33960175991187,82.64737492535949,4.692226834552386,FRESH,2026-07-24,41.98080942161341,NEUTRAL,NEGATIVE_GAMMA,,95.0,77.5,35.0,75.0,90.0,HIGH,92.54000091552734,92.5,2026-11-20,0.17142857142857132,201,201,2026-07-24,POLYGON_PERSISTED,POLYGON_PERSISTED_QUOTE,7.03,7.6,6.4,O:MET261120C00092500,119,7.0,9.1,5.95,2,1400.0,209.99999999999997,419.99999999999994,2.0,0.5942349873809755,0.026809633827319636,-0.023701601931076736,0.20865061621719933,0.0,0.26658188711238545,BULL_TREND,65.0,86.58949970143796,100.0,100.0,100.0,0.0,,"Technical=65.0 | Greeks=86.6 | Regime=100.0 | Volatility=100.0 | Risk=100.0 | Signal aligned with market regime. | Greeks are in preferred range. | Target-delta strike=92.50; spot=92.54; target |delta|=0.45; estimated delta=0.4130; moneyness=1.58%. | expiration_mode=automatic; selected_dte=119. | Dealer positioning NEUTRAL (NEGATIVE_GAMMA), adjustment=+4.69, confidence=90.00.",Live contract: O:MET261120C00092500. | Entry source: POLYGON_PERSISTED_QUOTE; quote time: 2026-07-24. | High AI score candidate. | Bullish options candidate.
XLU,CALL,LONG_CALL,Unknown,86.96645583572487,82.74546678290194,4.220989052822931,FRESH,2026-07-24,38.207539198058015,MODERATELY_BEARISH,NEGATIVE_GAMMA,,45.0,30.0,35.0,75.0,90.0,HIGH,46.189998626708984,46.5,2026-07-31,0.1250000000000001,1050,7710,2026-07-24,POLYGON_PERSISTED,POLYGON_PERSISTED_QUOTE,0.33,0.34,0.3,O:XLU260731C00046500,7,0.32,0.41600000000000004,0.272,50,1600.0,239.99999999999994,480.00000000000017,2.0000000000000013,0.4281149069356632,0.38807606238745673,-0.028759388920074503,0.02553070144483223,0.0,0.15827828034575145,BULL_TREND,80.0,62.981867131607764,100.0,100.0,100.0,0.0,,"Technical=80.0 | Greeks=63.0 | Regime=100.0 | Volatility=100.0 | Risk=100.0 | Signal aligned with market regime. | Target-delta strike=46.50; spot=46.19; target |delta|=0.45; estimated delta=0.0000; moneyness=1.75%. | expiration_mode=automatic; selected_dte=7. | Dealer positioning MODERATELY_BEARISH (NEGATIVE_GAMMA), adjustment=+4.22, confidence=90.00.",Live contract: O:XLU260731C00046500. | Entry source: POLYGON_PERSISTED_QUOTE; quote time: 2026-07-24. | High AI score candidate. | Bullish options candidate.
AEP,CALL,LONG_CALL,Unknown,86.7254639417429,81.75265042601292,4.9728135157299835,FRESH,2026-07-24,41.05979013614162,NEUTRAL,NEGATIVE_GAMMA,,140.0,125.0,35.0,75.0,90.0,HIGH,134.9199981689453,140.0,2026-11-20,0.16000000000000014,11,1173,2026-07-24,POLYGON_PERSISTED,POLYGON_PERSISTED_QUOTE,4.82,5.4,4.6,O:AEP261120C00140000,119,5.0,6.5,4.25,4,2000.0,300.0,600.0,2.0,0.42282719452487855,0.022882676964911666,-0.028137066769357316,0.30802156875855685,0.0,0.22193176869040684,BULL_TREND,70.0,75.01060170405168,100.0,100.0,100.0,0.0,,"Technical=70.0 | Greeks=75.0 | Regime=100.0 | Volatility=100.0 | Risk=100.0 | Signal aligned with market regime. | Target-delta strike=140.00; spot=134.92; target |delta|=0.45; estimated delta=0.3052; moneyness=1.91%. | expiration_mode=automatic; selected_dte=119. | Dealer positioning NEUTRAL (NEGATIVE_GAMMA), adjustment=+4.97, confidence=90.00.",Live contract: O:AEP261120C00140000. | Entry source: POLYGON_PERSISTED_QUOTE; quote time: 2026-07-24. | High AI score candidate. | Bullish options candidate.
WRB,CALL,LONG_CALL,Unknown,86.72014465040057,82.98702613671682,3.7331185136837446,FRESH,2026-07-24,37.67640657962468,MODERATELY_BEARISH,NEGATIVE_GAMMA,,72.0,67.0,45.0,65.0,70.287,HIGH,73.43000030517578,69.5,2026-10-16,0.10000000000000009,59,233,2026-07-24,POLYGON_PERSISTED,POLYGON_PERSISTED_QUOTE,7.7,8.4,7.6,O:WRB261016C00069500,84,8.0,10.4,6.8,2,1600.0,240.00000000000003,480.00000000000006,2.0,0.7374790849651526,0.029082254273076612,-0.022469188554752564,0.11793425373688315,0.0,0.307760123486507,BULL_TREND,80.0,63.94810454686725,100.0,100.0,100.0,0.0,,"Technical=80.0 | Greeks=63.9 | Regime=100.0 | Volatility=100.0 | Risk=100.0 | Signal aligned with market regime. | Target-delta strike=69.50; spot=73.43; target |delta|=0.45; estimated delta=0.5479; moneyness=0.78%. | expiration_mode=automatic; selected_dte=84. | Dealer positioning MODERATELY_BEARISH (NEGATIVE_GAMMA), adjustment=+3.73, confidence=70.29.",Live contract: O:WRB261016C00069500. | Entry source: POLYGON_PERSISTED_QUOTE; quote time: 2026-07-24. | High AI score candidate. | Bullish options candidate.
GPN,CALL,LONG_CALL,Unknown,85.3277547133826,79.8111866406393,5.516568072743301,FRESH,2026-07-24,44.31753194251329,NEUTRAL,NEGATIVE_GAMMA,,100.0,50.0,35.0,75.0,90.0,HIGH,77.86000061035156,80.0,2026-10-16,0.05063291139240499,10,663,2026-07-24,POLYGON_PERSISTED,POLYGON_PERSISTED_QUOTE,6.9,8.1,7.7,O:GPN261016C00080000,84,7.9,10.270000000000001,6.715,2,1580.0,237.0000000000001,474.0000000000002,2.0,0.5800104555641331,0.022179551516773054,-0.04423533734035352,0.15098498286802264,0.0,0.45679290138566814,BULL_TREND,70.0,79.2447465625572,100.0,70.0,100.0,0.0,,"Technical=70.0 | Greeks=79.2 | Regime=100.0 | Volatility=70.0 | Risk=100.0 | Signal aligned with market regime. | Target-delta strike=80.00; spot=77.86; target |delta|=0.45; estimated delta=0.3845; moneyness=1.46%. | expiration_mode=automatic; selected_dte=84. | Dealer positioning NEUTRAL (NEGATIVE_GAMMA), adjustment=+5.52, confidence=90.00.",Live contract: O:GPN261016C00080000. | Entry source: POLYGON_PERSISTED_QUOTE; quote time: 2026-07-24. | High AI score candidate. | Bullish options candidate.
XLV,CALL,LONG_CALL,Unknown,84.89923544243725,80.22067812929492,4.678557313142315,FRESH,2026-07-24,36.22502894738275,MODERATELY_BEARISH,NEGATIVE_GAMMA,,152.0,100.0,35.0,75.0,90.0,MEDIUM,161.44000244140625,163.0,2026-07-31,inf,85,2768,2026-07-24,POLYGON_PERSISTED,POLYGON_PERSISTED_QUOTE,1.28,2.31,0.0,O:XLV260731C00163000,7,1.28,1.6640000000000001,1.088,15,1920.0,287.9999999999999,576.0000000000001,2.0000000000000013,0.4469536874478116,0.11208985300814757,-0.10446301939085374,0.08972802722990617,0.0,0.15747020017692423,BULL_TREND,80.0,52.88271251717967,100.0,100.0,100.0,0.0,,"Technical=80.0 | Greeks=52.9 | Regime=100.0 | Volatility=100.0 | Risk=100.0 | Signal aligned with market regime. | Target-delta strike=163.00; spot=161.44; target |delta|=0.45; estimated delta=0.0060; moneyness=0.66%. | expiration_mode=automatic; selected_dte=7. | Dealer positioning MODERATELY_BEARISH (NEGATIVE_GAMMA), adjustment=+4.68, confidence=90.00.",Live contract: O:XLV260731C00163000. | Entry source: POLYGON_PERSISTED_QUOTE; quote time: 2026-07-24. | Medium AI score candidate. | Bullish options candidate.
JNJ,CALL,LONG_CALL,Unknown,84.46966032840666,80.50618842029107,3.96347190811559,FRESH,2026-07-24,40.9378377485852,NEUTRAL,NEGATIVE_GAMMA,,280.0,210.0,35.0,75.0,90.0,MEDIUM,259.2699890136719,265.0,2026-07-31,0.07513416815742396,2275,1589,2026-07-24,POLYGON_PERSISTED,POLYGON_PERSISTED_QUOTE,2.88,2.9,2.69,O:JNJ260731C00265000,7,2.795,3.6335,2.37575,7,1956.4999999999998,293.4749999999999,586.9500000000003,2.0000000000000013,0.433253327892416,0.04502128886094931,-0.25041782714656174,0.14545005724356622,0.0,0.24040505612967425,BULL_TREND,80.0,54.024753681164256,100.0,100.0,100.0,0.0,,"Technical=80.0 | Greeks=54.0 | Regime=100.0 | Volatility=100.0 | Risk=100.0 | Signal aligned with market regime. | Target-delta strike=265.00; spot=259.27; target |delta|=0.45; estimated delta=0.0000; moneyness=2.21%. | expiration_mode=automatic; selected_dte=7. | Dealer positioning NEUTRAL (NEGATIVE_GAMMA), adjustment=+3.96, confidence=90.00.",Live contract: O:JNJ260731C00265000. | Entry source: POLYGON_PERSISTED_QUOTE; quote time: 2026-07-24. | Medium AI score candidate. | Bullish options candidate.
JPM,CALL,LONG_CALL,Unknown,83.1148796147279,81.72945922548757,1.3854203892403185,FRESH,2026-07-24,41.417376005035344,NEUTRAL,NEGATIVE_GAMMA,,350.0,270.0,35.0,75.0,90.0,MEDIUM,349.8999938964844,355.0,2026-07-31,0.0869565217391305,2710,1721,2026-07-24,POLYGON_PERSISTED,POLYGON_PERSISTED_QUOTE,3.5,3.6,3.3,O:JPM260731C00355000,7,3.45,4.485,2.9325,5,1725.0,258.75000000000006,517.5000000000001,2.0,0.44366144832337184,0.038011766669966786,-0.301558685738923,0.1950789862076125,0.0,0.21316967574614265,BULL_TREND,80.0,58.91783690195027,100.0,100.0,100.0,0.0,,"Technical=80.0 | Greeks=58.9 | Regime=100.0 | Volatility=100.0 | Risk=100.0 | Signal aligned with market regime. | Target-delta strike=355.00; spot=349.90; target |delta|=0.45; estimated delta=0.0000; moneyness=1.46%. | expiration_mode=automatic; selected_dte=7. | Dealer positioning NEUTRAL (NEGATIVE_GAMMA), adjustment=+1.39, confidence=90.00.",Live contract: O:JPM260731C00355000. | Entry source: POLYGON_PERSISTED_QUOTE; quote time: 2026-07-24. | Medium AI score candidate. | Bullish options candidate.
KRE,CALL,LONG_CALL,Unknown,82.81705464496099,77.33178203565446,5.485272609306538,FRESH,2026-07-24,37.45623949671764,MODERATELY_BEARISH,NEGATIVE_GAMMA,,80.0,71.0,35.0,75.0,90.0,MEDIUM,75.1500015258789,76.0,2026-07-31,inf,172,556,2026-07-24,POLYGON_PERSISTED,POLYGON_PERSISTED_QUOTE,0.95,1.5,0.0,O:KRE260731C00076000,7,0.95,1.2349999999999999,0.8075,21,1995.0,299.24999999999994,598.4999999999999,2.0,0.4401369765912147,0.174874382198676,-0.06531161558435318,0.04175775710114182,0.0,0.21619677102353824,BULL_TREND,70.0,57.327128142617816,100.0,100.0,100.0,0.0,,"Technical=70.0 | Greeks=57.3 | Regime=100.0 | Volatility=100.0 | Risk=100.0 | Signal aligned with market regime. | Target-delta strike=76.00; spot=75.15; target |delta|=0.45; estimated delta=0.0000; moneyness=1.13%. | expiration_mode=automatic; selected_dte=7. | Dealer positioning MODERATELY_BEARISH (NEGATIVE_GAMMA), adjustment=+5.49, confidence=90.00.",Live contract: O:KRE260731C00076000. | Entry source: POLYGON_PERSISTED_QUOTE; quote time: 2026-07-24. | Medium AI score candidate. | Bullish options candidate.
XOP,CALL,LONG_CALL,Unknown,82.1903806520326,78.24470285773167,3.9456777943009316,FRESH,2026-07-24,39.735096340714705,MODERATELY_BEARISH,NEGATIVE_GAMMA,,170.0,130.0,45.0,65.0,90.0,MEDIUM,175.66000366210938,170.0,2026-07-31,0.10619469026548681,11,117,2026-07-24,POLYGON_PERSISTED,POLYGON_PERSISTED_QUOTE,5.7,5.95,5.35,O:XOP260731C00170000,7,5.65,7.345000000000001,4.8025,3,1695.0000000000002,254.25000000000006,508.5000000000001,2.0,0.7051421064904811,0.043327668975113226,-0.20311032176199745,0.08243064548141069,0.0,0.3315975219726574,BULL_TREND,80.0,44.97881143092668,100.0,100.0,100.0,0.0,,"Technical=80.0 | Greeks=45.0 | Regime=100.0 | Volatility=100.0 | Risk=100.0 | Signal aligned with market regime. | Target-delta strike=170.00; spot=175.66; target |delta|=0.45; estimated delta=0.0016; moneyness=1.05%. | expiration_mode=automatic; selected_dte=7. | Dealer positioning MODERATELY_BEARISH (NEGATIVE_GAMMA), adjustment=+3.95, confidence=90.00.",Live contract: O:XOP260731C00170000. | Entry source: POLYGON_PERSISTED_QUOTE; quote time: 2026-07-24. | Medium AI score candidate. | Bullish options candidate.
XLF,CALL,LONG_CALL,Unknown,81.04071339400144,77.06086009604438,3.97985329795706,FRESH,2026-07-24,36.796295804194536,MODERATELY_BEARISH,NEGATIVE_GAMMA,,55.0,50.0,45.0,65.0,90.0,MEDIUM,55.83000183105469,56.5,2026-07-31,0.14285714285714285,801,5525,2026-07-24,POLYGON_PERSISTED,POLYGON_PERSISTED_QUOTE,0.45,0.45,0.39,O:XLF260731C00056500,7,0.42000000000000004,0.546,0.35700000000000004,47,1974.0000000000002,296.09999999999997,592.1999999999999,2.0,0.45114465577715296,0.322449609604144,-0.03652521600532453,0.03110453613927775,0.0,0.15815214831197555,BULL_TREND,65.0,64.24344038417752,100.0,100.0,100.0,0.0,,"Technical=65.0 | Greeks=64.2 | Regime=100.0 | Volatility=100.0 | Risk=100.0 | Signal aligned with market regime. | Target-delta strike=56.50; spot=55.83; target |delta|=0.45; estimated delta=0.0000; moneyness=2.10%. | expiration_mode=automatic; selected_dte=7. | Dealer positioning MODERATELY_BEARISH (NEGATIVE_GAMMA), adjustment=+3.98, confidence=90.00.",Live contract: O:XLF260731C00056500. | Entry source: POLYGON_PERSISTED_QUOTE; quote time: 2026-07-24. | Medium AI score candidate. | Bullish options candidate.
ABBV,CALL,LONG_CALL,Unknown,80.58388276405185,76.09687530520378,4.48700745884807,FRESH,2026-07-24,40.01875469019936,NEUTRAL,NEGATIVE_GAMMA,,250.0,220.0,35.0,75.0,90.0,MEDIUM,256.9200134277344,260.0,2026-07-31,0.025531914893617082,737,775,2026-07-24,POLYGON_PERSISTED,POLYGON_PERSISTED_QUOTE,5.9,5.95,5.8,O:ABBV260731C00260000,7,5.875,7.6375,4.9937499999999995,3,1762.5,264.37500000000017,528.75,1.9999999999999987,0.4916129892727455,0.025831995325880597,-0.4513612847371452,0.14274719903508373,0.0,0.4353960402229876,BULL_TREND,65.0,60.38750122081514,100.0,100.0,100.0,0.0,,"Technical=65.0 | Greeks=60.4 | Regime=100.0 | Volatility=100.0 | Risk=100.0 | Signal aligned with market regime. | Target-delta strike=260.00; spot=256.92; target |delta|=0.45; estimated delta=0.0004; moneyness=1.20%. | expiration_mode=automatic; selected_dte=7. | Dealer positioning NEUTRAL (NEGATIVE_GAMMA), adjustment=+4.49, confidence=90.00.",Live contract: O:ABBV260731C00260000. | Entry source: POLYGON_PERSISTED_QUOTE; quote time: 2026-07-24. | Medium AI score candidate. | Bullish options candidate.
VLO,CALL,LONG_CALL,Unknown,79.79194458830248,79.00476717204914,0.7871774162533463,FRESH,2026-07-24,39.8683901827502,MODERATELY_BEARISH,NEGATIVE_GAMMA,,320.0,280.0,35.0,75.0,90.0,MEDIUM,305.260009765625,310.0,2026-08-07,0.11764705882352941,1442,320,2026-07-24,POLYGON_PERSISTED,POLYGON_PERSISTED_QUOTE,8.1,9.0,8.0,O:VLO260807C00310000,14,8.5,11.05,7.225,2,1700.0,255.00000000000006,510.0000000000001,2.0,0.42493704017137934,0.013848432552812985,-0.40672040257249586,0.2378486889188852,0.0,0.4801213907768683,BULL_TREND,80.0,60.01906868819656,100.0,70.0,100.0,0.0,,"Technical=80.0 | Greeks=60.0 | Regime=100.0 | Volatility=70.0 | Risk=100.0 | Signal aligned with market regime. | Target-delta strike=310.00; spot=305.26; target |delta|=0.45; estimated delta=0.0014; moneyness=1.55%. | expiration_mode=automatic; selected_dte=14. | Dealer positioning MODERATELY_BEARISH (NEGATIVE_GAMMA), adjustment=+0.79, confidence=90.00.",Live contract: O:VLO260807C00310000. | Entry source: POLYGON_PERSISTED_QUOTE; quote time: 2026-07-24. | Medium AI score candidate. | Bullish options candidate.
XLI,CALL,LONG_CALL,Unknown,79.26846059433018,72.89466054236087,6.373800051969308,FRESH,2026-07-24,38.9701102045045,MODERATELY_BEARISH,NEGATIVE_GAMMA,,180.0,165.0,35.0,75.0,90.0,MEDIUM,181.94000244140625,184.0,2026-07-31,inf,34,174,2026-07-24,POLYGON_PERSISTED,POLYGON_PERSISTED_QUOTE,1.21,2.85,0.0,O:XLI260731C00184000,7,1.21,1.573,1.0285,16,1936.0,290.4,580.8,2.0,0.4053969743453173,0.0791033569537384,-0.14265418479523567,0.10128643407460414,0.0,0.19515713937125384,BULL_TREND,65.0,47.5786421694435,100.0,100.0,100.0,0.0,,"Technical=65.0 | Greeks=47.6 | Regime=100.0 | Volatility=100.0 | Risk=100.0 | Signal aligned with market regime. | Target-delta strike=184.00; spot=181.94; target |delta|=0.45; estimated delta=0.0000; moneyness=1.68%. | expiration_mode=automatic; selected_dte=7. | Dealer positioning MODERATELY_BEARISH (NEGATIVE_GAMMA), adjustment=+6.37, confidence=90.00.",Live contract: O:XLI260731C00184000. | Entry source: POLYGON_PERSISTED_QUOTE; quote time: 2026-07-24. | Medium AI score candidate. | Bullish options candidate.
CI,CALL,LONG_CALL,Unknown,79.06346218318025,74.46111428371988,4.602347899460369,FRESH,2026-07-24,40.585440342403125,NEUTRAL,NEGATIVE_GAMMA,,260.0,250.0,35.0,75.0,90.0,MEDIUM,286.2900085449219,290.0,2026-08-28,0.18050541516245489,100,100,2026-07-24,POLYGON_PERSISTED,POLYGON_PERSISTED_QUOTE,14.85,15.1,12.6,O:CI260828C00290000,35,13.85,18.005,11.772499999999999,1,1385.0,207.75000000000006,415.49999999999994,1.9999999999999991,0.5013466344035472,0.010824578306896012,-0.21764713149649187,0.352427189806927,0.0,0.4189480177600398,BULL_TREND,60.0,61.844457134879534,100.0,100.0,100.0,0.0,,"Technical=60.0 | Greeks=61.8 | Regime=100.0 | Volatility=100.0 | Risk=100.0 | Signal aligned with market regime. | Target-delta strike=290.00; spot=286.29; target |delta|=0.45; estimated delta=0.2226; moneyness=1.30%. | expiration_mode=automatic; selected_dte=35. | Dealer positioning NEUTRAL (NEGATIVE_GAMMA), adjustment=+4.60, confidence=90.00.",Live contract: O:CI260828C00290000. | Entry source: POLYGON_PERSISTED_QUOTE; quote time: 2026-07-24. | Medium AI score candidate. | Bullish options candidate.
DE,CALL,LONG_CALL,Unknown,74.63044505338634,69.66120489044201,4.9692401629443355,FRESH,2026-07-24,40.2384193016251,NEUTRAL,NEGATIVE_GAMMA,,700.0,600.0,35.0,75.0,90.0,MEDIUM,610.02001953125,575.0,2026-08-07,0.1338028169014085,124,124,2026-07-24,POLYGON_PERSISTED,POLYGON_PERSISTED_QUOTE,24.5,60.6,53.0,O:DE260807C00575000,14,56.8,73.84,48.279999999999994,0,0.0,0.0,0.0,0.0,0.8788867347955578,0.00406738551529556,-0.3974924212669211,0.20526102968357687,0.0,0.4088526235504948,BULL_TREND,65.0,34.64481956176802,100.0,100.0,100.0,0.0,,"Technical=65.0 | Greeks=34.6 | Regime=100.0 | Volatility=100.0 | Risk=100.0 | Signal aligned with market regime. | Target-delta strike=575.00; spot=610.02; target |delta|=0.45; estimated delta=0.0000; moneyness=1.64%. | expiration_mode=automatic; selected_dte=14. | Dealer positioning NEUTRAL (NEGATIVE_GAMMA), adjustment=+4.97, confidence=90.00.",Live contract: O:DE260807C00575000. | Entry source: POLYGON_PERSISTED_QUOTE; quote time: 2026-07-24. | Position size is zero under current risk limits. | Medium AI score candidate. | Bullish options candidate.
LQD,PUT,LONG_PUT,Unknown,72.75897214476194,76.88140929373509,-4.122437148973152,FRESH,2026-07-24,41.62956948166193,NEUTRAL,NEGATIVE_GAMMA,,110.0,107.0,45.0,65.0,90.0,MEDIUM,106.26000213623047,106.5,2026-08-28,0.10909090909090897,107,107,2026-07-24,POLYGON_PERSISTED,POLYGON_PERSISTED_QUOTE,0.76,1.16,1.04,O:LQD260828P00106500,35,1.1,1.4300000000000002,0.935,18,1980.0,297.00000000000006,594.0000000000001,2.0,-0.5490257902417973,0.17198258313643652,-0.014701289906146962,0.1292403466882832,0.0,0.07041837991442793,BEAR_TREND,65.0,87.52563717494036,100.0,40.0,100.0,0.0,,"Technical=65.0 | Greeks=87.5 | Regime=100.0 | Volatility=40.0 | Risk=100.0 | Signal aligned with market regime. | Greeks are in preferred range. | Target-delta strike=106.50; spot=106.26; target |delta|=0.45; estimated delta=0.0000; moneyness=-1.19%. | expiration_mode=automatic; selected_dte=35. | Dealer positioning NEUTRAL (NEGATIVE_GAMMA), adjustment=-4.12, confidence=90.00.",Live contract: O:LQD260828P00106500. | Entry source: POLYGON_PERSISTED_QUOTE; quote time: 2026-07-24. | Medium AI score candidate. | Bearish options candidate.
BIIB,CALL,LONG_CALL,Unknown,66.16841704870245,61.36568360798477,4.802733440717674,FRESH,2026-07-24,40.31247750276649,NEUTRAL,NEGATIVE_GAMMA,,210.0,180.0,45.0,65.0,90.0,LOW,200.6199951171875,235.0,2026-08-07,inf,16,107,2026-07-24,POLYGON_PERSISTED,POLYGON_PERSISTED_QUOTE,1.5,2.55,0.0,O:BIIB260807C00235000,14,1.5,1.9500000000000002,1.275,13,1950.0,292.5000000000001,585.0000000000002,2.0,0.05945418699041819,0.006282916969257084,-0.08062339928671403,0.04470665695266324,0.0,0.4752179115848031,BULL_TREND,60.0,21.462734431939083,100.0,70.0,100.0,0.0,,"Technical=60.0 | Greeks=21.5 | Regime=100.0 | Volatility=70.0 | Risk=100.0 | Signal aligned with market regime. | Target-delta strike=235.00; spot=200.62; target |delta|=0.45; estimated delta=0.0001; moneyness=2.18%. | expiration_mode=automatic; selected_dte=14. | Dealer positioning NEUTRAL (NEGATIVE_GAMMA), adjustment=+4.80, confidence=90.00.",Live contract: O:BIIB260807C00235000. | Entry source: POLYGON_PERSISTED_QUOTE; quote time: 2026-07-24. | Lower-confidence candidate; review carefully. | Bullish options candidate.
